-9.998137429367245366e-01,-1.929972628969655810e-02,6.785581770377546859e-04,-1.993142316259253199e+00
-9.944775405753423225e-01,1.049496131065684318e-01,-1.216725488964680801e+00,-1.456872495241977816e+00
-9.434613449479353209e-01,3.314825645324850356e-01,-1.653890134598931416e+00,-1.458871062927310724e+00
-8.388239808956975407e-01,5.444027269166591410e-01,-1.485262425241320239e+00,-1.818329477657276483e+00
-7.262123692554769416e-01,6.874704319025995991e-01,-1.034451532592903344e+00,-1.983587343297388728e+00
-6.600986612877749460e-01,7.511789116888781814e-01,-3.787027455036825474e-01,-1.228952338872153272e+00
-7.073007002007332122e-01,7.069128089768584866e-01,8.297191031109232284e-01,1.444400391790735316e+00
-9.223044368515106450e-01,3.864641325712100395e-01,3.393315119568940386e+00,3.940610712754628042e-01
-9.788499326970477865e-01,-2.045795915016573596e-01,4.162045581093922308e+00,1.058526282953112130e+00
-6.910038121883781415e-01,-7.228511129832537740e-01,3.771991250681811625e+00,3.810814748588891576e-01
-3.718326913316259974e-01,-9.282997628229147091e-01,1.859305464029653354e+00,1.286579711242891166e+00
-2.677986743142131698e-01,-9.634748933083570055e-01,1.545038171114346826e-01,-1.935086303868932767e+00
-5.805694751453644997e-01,-8.142107126103389492e-01,-3.534034929634001010e+00,-1.382739093529502306e+00
-9.888360592838245644e-01,-1.490075429635583371e-01,-6.085225459979192841e+00,-9.091778170355879762e-01
-6.940464717920357129e-01,7.199302014730504240e-01,-6.215544874505741113e+00,-1.220409209321934974e+00
2.436524609492986618e-02,9.997031233234862091e-01,-4.693008003018168672e+00,-1.560020657992005955e+00
5.369671059261471591e-01,8.436031810948189102e-01,-3.114824000222916389e+00,-9.686570624681836161e-01
7.734475882201999886e-01,6.338602592656806811e-01,-1.681696151309359566e+00,-1.197905481974465669e+00
8.687045724934572277e-01,4.953305620784564933e-01,-8.866843827980830373e-01,-1.667628028365334858e+00
9.185564937977283018e-01,3.952897262793760302e-01,-7.049417128214027217e-01,-1.425806165332493380e+00
9.519704065722259800e-01,3.061900472104061022e-01,-6.257162174474881766e-01,-9.505520215143145046e-01
9.726052735665993154e-01,2.324628611852663507e-01,-4.752924946190875133e-01,-7.299674210768634097e-01
9.845818742793567280e-01,1.749243631989238490e-01,-3.675707442152631454e-01,-5.214953210943000794e-01
9.913285812649080819e-01,1.314064076341198983e-01,-2.699303687555850706e-01,-4.138649577887913433e-01
9.951776483195547973e-01,9.808898146662774209e-02,-2.105206906224569574e-01,-2.820809975685534821e-01
9.972997552697547841e-01,7.343839689758546729e-02,-1.497454671749312849e-01,-2.410658342444280955e-01
9.985261767398868615e-01,5.427222462018915089e-02,-1.229323145949437895e-01,-1.419036461391579018e-01
9.991801302344017754e-01,4.048539668527232488e-02,-8.085861738735636295e-02,-1.472263634559702605e-01
9.995722167579921269e-01,2.924693976322476768e-02,-7.532166923908280298e-02,-5.569474366201772331e-02
9.997642916358544518e-01,2.171085373397596205e-02,-4.016368650658455608e-02,-9.982543003052372910e-02
9.998898620833245321e-01,1.484128373794331955e-02,-5.054142079535689502e-02,1.905599095536584728e-03
9.999394220038825276e-01,1.100692157423419776e-02,-1.444905918427184799e-02,-8.164602294983717978e-02
9.999791424642403559e-01,6.458686900794401685e-03,-3.939713463901360624e-02,4.611211754561475584e-02
9.999877521065564379e-01,4.949306706613923294e-03,3.853610261494432379e-03,-8.397354347965094168e-02
9.999988805741490960e-01,1.496278867254641556e-03,-3.716095032245832208e-02,8.685851685666716449e-02
9.999987008669873889e-01,1.611913253723837921e-03,1.936076028722810705e-02,-1.032444061898055709e-01
9.999988177452373561e-01,-1.537695720105017013e-03,-4.164732556691149584e-02,1.315034893394193272e-01
9.999999964593794255e-01,-8.415011036602671433e-05,3.522340856986454910e-02,-1.393095226534732389e-01
9.999938468105867839e-01,-3.508039475921269097e-03,-5.220953159493979534e-02,1.863995253312725198e-01
9.999997349949908410e-01,-7.280178213428682493e-04,5.394164743853940153e-02,-1.944742897229571887e-01
-9.999997335498967965e-01,-7.300000927915015507e-04,5.311037709686289125e-03,-1.889336273464477411e+00
-9.920189324232118189e-01,1.260890071097046650e-01,-1.243778360760354307e+00,-1.330125037575243363e+00
-9.367674819168851919e-01,3.499524036538372851e-01,-1.620193778322476019e+00,-1.128295069484080981e+00
-8.427695411619852139e-01,5.382745586497813539e-01,-1.235171509262961376e+00,-1.618631689617715530e+00
-7.597503413339521394e-01,6.502149020461952533e-01,-7.380778432527599353e-01,-1.987323736978614086e+00
-7.168182170819228372e-01,6.972600975672517132e-01,-2.501444537428201276e-01,-1.768840526338291586e+00
-7.400261954958536892e-01,6.725780475007584469e-01,4.602106321719812154e-01,-1.517297694261060814e-01
-8.781565775553077380e-01,4.783733116472414504e-01,2.109814306592848521e+00,1.673111795337077101e+00
-9.990892998845959383e-01,-4.266814802763141401e-02,4.214070718472890498e+00,9.770834812869909625e-01
-7.703573836762647176e-01,-6.376123441523543489e-01,4.182704963535343268e+00,1.392617520726795677e+00
-3.498036653618489256e-01,-9.368230332882596656e-01,3.018436538829035065e+00,1.888839809828809058e+00
-4.135824399594618256e-02,-9.991443817855214515e-01,1.624600724419584585e+00,-6.956749903291304937e-01
-1.273218263491948943e-01,-9.918614583373553950e-01,-1.675232835014016208e+00,-1.606517400492450287e+00
-6.910492074416595409e-01,-7.228077150212595114e-01,-5.463809984190361568e+00,-1.639906417219751722e+00
-9.617608536447331824e-01,2.738905993212512047e-01,-7.835690119153444044e+00,-6.120793640513454426e-01
-2.097950955646193105e-01,9.777453747663714667e-01,-6.629121159041105216e+00,-6.064315137595135408e-01
5.230537854042094370e-01,8.522996759205808681e-01,-4.318939715403195656e+00,7.630395125491806763e-01
7.973251800921237198e-01,6.035499624646351036e-01,-1.651472209581949624e+00,-1.626873996154602375e+00
9.028471142922125381e-01,4.299617287785327813e-01,-1.264257421469303200e+00,-1.082731571476968080e+00
9.581806273174967581e-01,2.861640883015342252e-01,-9.562557766169039741e-01,-5.826049610320509498e-01
9.840135481854347388e-01,1.780936186041239822e-01,-6.688769657528675916e-01,-3.807509635557059235e-01
9.953302850922984835e-01,9.652783835808105561e-02,-5.154903052471383473e-01,-8.325192605788807321e-02
9.993297998848997832e-01,3.660534198728495475e-02,-3.625047915528887277e-01,6.160216062019593930e-03
9.999495185494424732e-01,-1.004790290251026362e-02,-3.001964844461278981e-01,2.086304483228970108e-01
9.989598599175446569e-01,-4.559822664884569804e-02,-2.171405809344631177e-01,2.590339296327042740e-01
9.972156728435925821e-01,-7.457145455937431999e-02,-1.908165700386283969e-01,3.952963671572951587e-01
9.952039932969080072e-01,-9.782132551692283851e-02,-1.454685209334729556e-01,4.376849329352410223e-01
9.930719243484550374e-01,-1.175080978948106480e-01,-1.314552143663057504e-01,5.277402912265217738e-01
9.909658769546645374e-01,-1.341142449983322715e-01,-1.069648743967947513e-01,5.690955797538314043e-01
9.888926076218859107e-01,-1.486317953561311911e-01,-9.770704540923927373e-02,6.307550026880296423e-01
9.868889329010001044e-01,-1.614008491846476712e-01,-8.443229234150811946e-02,6.702221394271539179e-01
9.849405874185014342e-01,-1.728931440390197860e-01,-7.793464231078291171e-02,7.160833119863456719e-01
9.830475808724407072e-01,-1.833506305984305418e-01,-7.058276300829058325e-02,7.525293079691337539e-01
9.811942748307973527e-01,-1.930227837310035943e-01,-6.620104666255702264e-02,7.899880131125500693e-01
9.793691239976004548e-01,-2.020794867377008475e-01,-6.210687543660489696e-02,8.235037324218971166e-01
9.775563824488904263e-01,-2.106739640616246412e-01,-5.944869730812084307e-02,8.565896329625822814e-01
9.757405247649192370e-01,-2.189301905436528140e-01,-5.736918113200671632e-02,8.880432287732354935e-01
9.739043008825931658e-01,-2.269590551671985812e-01,-5.615851968098518193e-02,9.190779568548016476e-01
9.720289860592529196e-01,-2.348609168436091854e-01,-5.557193876232234542e-02,9.496187036885050947e-01
9.700935587214988276e-01,-2.427313068540146723e-01,-5.568565775986054900e-02,9.802082352463049597e-01
-9.999894885015326862e-01,-4.585072130618237513e-03,6.327656411063102039e-03,-6.397835225260399550e-02
-9.999997156128117570e-01,7.541712640544370478e-04,-5.526851396109813686e-02,-1.158745084719617624e-01
-9.998526105011784626e-01,1.716849655557282570e-02,-1.315999437016561191e-01,-2.199745090377934476e-01
-9.988699833059195843e-01,4.752637636546672151e-02,-2.284774589936321432e-01,-3.909442695938407097e-01
-9.954069834352097246e-01,9.573367917517904002e-02,-3.538321396193092050e-01,-6.452898672162872273e-01
-9.860133355999185500e-01,1.666664393905458730e-01,-5.160376866510723026e-01,-9.892262654374387454e-01
-9.643530923649138442e-01,2.646188074310438232e-01,-7.139046945247617959e-01,-1.385206726123246357e+00
-9.217028684896922952e-01,3.878966643551772231e-01,-9.079208371571517722e-01,-1.722102671227679016e+00
-8.540888452609599613e-01,5.201271425342077759e-01,-9.878387138858397698e-01,-1.899525423228291210e+00
-7.756317640636201105e-01,6.311856831199172957e-01,-8.276775524147207408e-01,-1.950939972131658040e+00
-7.187663622813439401e-01,6.952516928802431329e-01,-4.186168558959199038e-01,-1.949620396884894413e+00
-7.126358123016369728e-01,7.015341752368063899e-01,1.269235984093678438e-01,-1.921081514642564159e+00
-7.620371838673549725e-01,6.475332658663267571e-01,6.538703391777554996e-01,-1.854094666269578751e+00
-8.435799038100681990e-01,5.370036739984150875e-01,1.013436940440819889e+00,-1.687129575205995824e+00
-9.217060136381078905e-01,3.878891909081099154e-01,1.129843488798792706e+00,-1.311479062079020208e+00
-9.740469280546655284e-01,2.263461551413439576e-01,1.080597990798461971e+00,-7.144613639056123233e-01
-9.977958383371701157e-01,6.635860906486679145e-02,1.024379904302465949e+00,-3.489631919520681108e-02
-9.956272532845069634e-01,-9.341505508829006654e-02,1.033281794628519323e+00,5.989164950270806642e-01
-9.670265456860069886e-01,-2.546755974540728107e-01,1.068333555453581551e+00,1.089668900582215993e+00
-9.138926550460453324e-01,-4.059559274759884095e-01,1.018847837613021445e+00,1.381867514856683243e+00
-8.520123444516060074e-01,-5.235216947769002482e-01,7.781062810572138000e-01,1.498842624065613194e+00
-8.107479540373501159e-01,-5.853953835009726436e-01,3.306366608016586550e-01,1.487873797511794383e+00
-8.152596782491582372e-01,-5.790955508558832676e-01,-2.446203243377751690e-01,1.363146772073693835e+00
-8.675901332575962632e-01,-4.972799620677131882e-01,-8.260626835000846047e-01,1.077671064026701986e+00
-9.417044716434279650e-01,-3.364412104465980824e-01,-1.310268937823415358e+00,4.808657719325684643e-01
-9.951014137429504691e-01,-9.885937672664799059e-02,-1.709512061528712490e+00,-5.814158723542015572e-01
-9.772769177465976398e-01,2.119665682123238748e-01,-2.169432758124701710e+00,-1.687044098424129723e+00
-8.325087162999279533e-01,5.540119468789874713e-01,-2.534990377267764661e+00,-1.992166683595108401e+00
-5.887146966085584632e-01,8.083408971449440594e-01,-2.181310453642932856e+00,-1.993315440234857627e+00
-3.848316203449192452e-01,9.229867951291090833e-01,-1.208913066510452383e+00,-1.954397000944607887e+00
-3.304486764042966485e-01,9.438239625389093224e-01,3.267976708962233579e-02,-1.936168055160333523e+00
-4.510462500493446769e-01,8.925005772078939970e-01,1.283122554752501809e+00,-1.964869854732212318e+00
-6.904675311584927977e-01,7.233633861455083247e-01,2.252355543106429270e+00,-1.977957820217098872e+00
-9.086823968128729945e-01,4.174880857251047628e-01,2.556928082855761897e+00,-1.722289213436024369e+00
-9.965594157345455395e-01,8.288142681458335326e-02,2.082832005104278572e+00,-3.237024577961152838e-01
-9.784625087483878048e-01,-2.064246084501824563e-01,1.766447825578036257e+00,9.157227268174515933e-01
-8.929276968136985460e-01,-4.502000980264038166e-01,1.622508191420852786e+00,1.449655712769915228e+00
-7.787839350785796810e-01,-6.272922623972996270e-01,1.235661016015668690e+00,1.625851947298433853e+00
-6.982349519103679958e-01,-7.158686694713815024e-01,5.454949733737646245e-01,1.638772519214726886e+00
-7.005109257191178829e-01,-7.136416768576121505e-01,-3.088426010804751209e-01,1.542865931249469469e+00
-9.996162852237880925e-01,-2.769986128836099057e-02,3.691611951062196903e-03,-5.771381528095522739e-01
-9.995209538586476983e-01,3.094935859592471902e-02,-5.723313006459778141e-01,-8.132757346251043851e-01
-9.851320383645592038e-01,1.717989143961295984e-01,-1.084118976014218250e+00,-1.017447655271648044e+00
-9.356637758995463017e-01,3.528927577457543485e-01,-1.273253473716611017e+00,-1.174370997342325751e+00
-8.608153925760646530e-01,5.089173409347688137e-01,-1.036704384870575257e+00,-1.250287831316258425e+00
-8.061284728292228419e-01,5.917405557286274931e-01,-4.397462039994032290e-01,-1.189511612061449952e+00
-8.154150478158082027e-01,5.788767570006100316e-01,3.798803212209934110e-01,-9.817523865090043156e-01
-8.909571202174328963e-01,4.540874474524250193e-01,1.232161733033922069e+00,-7.033094118374887405e-01
-9.758122233545055701e-01,2.186103948853680146e-01,1.814219103034617975e+00,-4.446988428376041358e-01
-9.981437217581679011e-01,-6.090246887239624679e-02,1.804774889853277831e+00,-2.402731750892930507e-01
-9.629900843955624401e-01,-2.695368200373144396e-01,1.135057385797310303e+00,-3.272868277598991460e-01
-9.492593785179250787e-01,-3.144942484303371311e-01,-1.246614157727471972e-01,-7.906816012681989747e-01
-9.907454503763678533e-01,-1.357330194113722521e-01,-1.725061983561685386e+00,-1.161094309724111762e+00
-9.693879263543372371e-01,2.455342099147042878e-01,-2.850559286396084691e+00,-1.452380711614661424e+00
-7.649957378953242682e-01,6.440353414231150264e-01,-2.941938332842567672e+00,-1.833885447386413237e+00
-4.695781925896166942e-01,8.828908885271548046e-01,-2.254590316149972296e+00,-1.949655218417097435e+00
-2.602753620927195644e-01,9.655344301926802597e-01,-1.091866248649005167e+00,-1.967954781174576562e+00
-2.285357735433955206e-01,9.735355156392199172e-01,2.242192086849941202e-01,-1.991578845990144231e+00
-3.821352871067956736e-01,9.241063912493013843e-01,1.490604134710052264e+00,-1.999782753007615099e+00
-6.591313960367075619e-01,7.520277938738042511e-01,2.478645467455750317e+00,-1.980197717538446867e+00
-9.044882041573901743e-01,4.264986383801703806e-01,2.755826754919779464e+00,-1.542539719947717325e+00
-9.982571244363112051e-01,5.901451950280549308e-02,2.302124683123039972e+00,-5.104199766445823849e-01
-9.724445896629660968e-01,-2.331341245618612223e-01,1.680062092881096758e+00,-2.413725982491233824e-01
-9.296777100140456440e-01,-3.683739343425916912e-01,5.201365245055438180e-01,-5.525280920910045079e-01
-9.588208011707710643e-01,-2.840117449019329277e-01,-1.136642700100489067e+00,-1.044616396362952671e+00
-9.987531510823525194e-01,4.992137020426653388e-02,-2.704333969228967405e+00,-1.255248482373028995e+00
-8.666171299828996366e-01,4.989736967217831554e-01,-3.209608922726380875e+00,-1.712145656201914834e+00
-5.623015675642087929e-01,8.269322506196221667e-01,-2.777628033833642984e+00,-1.936912960054442800e+00
-2.772523751243703427e-01,9.607971276434456032e-01,-1.716430725836632476e+00,-1.963600594904326258e+00
-1.543323205038361623e-01,9.880189951857712982e-01,-3.887237904694652024e-01,-1.984920751529554162e+00
-2.295550446561346880e-01,9.732956803936406720e-01,9.584554093129453722e-01,-1.999643541130743163e+00
-4.794434355787955404e-01,8.775727844916347831e-01,2.178627787617916756e+00,-1.995341939226700445e+00
-7.896036108592764391e-01,6.136172566983365551e-01,2.928911758080555039e+00,-1.949576883937405469e+00
-9.736272069924406525e-01,2.281448263803041165e-01,2.702817447788688376e+00,-1.071486203350091371e+00
-9.924425054373717803e-01,-1.227105268556546447e-01,2.047228443795299668e+00,-2.883054924328220525e-01
-9.408065165253690632e-01,-3.389440934186647714e-01,1.116692924934496123e+00,-3.512810036697888716e-01
-9.334504926561048022e-01,-3.587062555351874238e-01,-3.672096793189048025e-01,-8.585967527878333172e-01
-9.916292069168158863e-01,-1.291182248543044364e-01,-2.123323208255145200e+00,-1.149085272192644336e+00
-9.531848018628681363e-01,3.023883818827119985e-01,-3.156207070359282607e+00,-1.500457543633103574e+00
-7.043010045306199451e-01,7.099014685272595493e-01,-3.087738439067625684e+00,-1.882179258828352797e+00
-9.996734051834138546e-01,-2.555548804069535454e-02,6.974003783657659050e-03,-1.032120995614774328e+00
-9.962519233089488502e-01,8.649916359838530355e-02,-1.091935591240727810e+00,-1.964569204200233177e+00
-9.174998529265488978e-01,3.977361183998269767e-01,-2.568562737527281481e+00,-1.891046688046396529e+00
-6.748526291419161272e-01,7.379525248552534222e-01,-2.787489276480155986e+00,-1.999831885270133558e+00
-3.737032953223458076e-01,9.275482990471275446e-01,-2.100083629472379698e+00,-1.855604721318673933e+00
-1.959765081616322013e-01,9.806085907479975550e-01,-7.816483391390200985e-01,-1.859329078184270845e+00
-2.200155917715030940e-01,9.754963553891092820e-01,6.374065344928225851e-01,-1.977896448164340848e+00
-4.267487393412296437e-01,9.043702303098389850e-01,1.851429179673106384e+00,-1.925136552542578539e+00
-7.265850405346282459e-01,6.870765451325584472e-01,2.726655842581653832e+00,-1.180287773498790660e+00
-9.649554371620975290e-01,2.624138035456694551e-01,3.403107744426113968e+00,6.805419053559151610e-02
-9.552778650662032689e-01,-2.957096557682157845e-01,3.739070922499825311e+00,5.110101119578016604e-01
-7.132811813546905411e-01,-7.008779896139248899e-01,2.720546257298074533e+00,5.120610008975234884e-01
-5.553867321900460841e-01,-8.315921943520526716e-01,6.280181462300484796e-01,5.333632596438372397e-01
-6.619901483868059211e-01,-7.495125372125637231e-01,-1.642965501142227058e+00,-7.994869301970241038e-01
-9.603610159055187001e-01,-2.787592494051455150e-01,-4.679230443735451495e+00,-1.350308600098319545e+00
-8.276255960346348139e-01,5.612805651261367768e-01,-6.118939522921896135e+00,-1.361996854285850489e+00
-1.515793989687363452e-01,9.884450848723345118e-01,-4.959982916405136777e+00,-1.147301398499638081e+00
3.631440352071386157e-01,9.317330141695508994e-01,-2.767030460871149344e+00,-6.316010150542200607e-01
5.138931409067861722e-01,8.578542065694834129e-01,-3.349791927359051513e-01,-1.729719721046268477e+00
4.586341955628185918e-01,8.886251598173698918e-01,8.067476340533222823e-01,-1.998352253113283794e+00
2.521413750367050288e-01,9.676904086507210900e-01,1.842145801788378723e+00,-1.593326437603733936e+00
-1.900657203309595866e-01,9.817713694924462553e-01,3.558732060895097860e+00,-1.184692161509715458e+00
-7.960604118666938511e-01,6.052171681790179392e-01,5.408679451634452739e+00,-1.925583458185180064e+00
-9.938971364313928802e-01,-1.103108434990735798e-01,4.621617860423748780e+00,-3.134642749944813733e-01
-7.743887586179450944e-01,-6.327100841034208889e-01,3.208991922879768310e+00,3.711249448096214931e-01
-5.679117725440588904e-01,-8.230894353628074311e-01,1.122617676794998243e+00,6.389927975392992732e-01
-6.082277957310100458e-01,-7.937625265154539811e-01,-1.060945337359910257e+00,-3.935321740268757917e-01
-8.962047130870630651e-01,-4.436407468217216099e-01,-3.936843978266128641e+00,-1.411513965305970952e+00
-9.293645768491124448e-01,3.691632204026697450e-01,-6.111476130198426837e+00,-1.286722574461599544e+00
-3.180805711299332095e-01,9.480636847119794375e-01,-5.368370552681316354e+00,-1.287726099232830324e+00
2.786214532985980541e-01,9.604010025826592578e-01,-3.350278309583745617e+00,-6.079705318281871662e-01
5.024055024704504602e-01,8.646321247139815425e-01,-8.090011498217422048e-01,-1.502803400177716187e+00
4.880503678559254266e-01,8.728154664278674479e-01,5.662887219330179356e-01,-1.990170733254533530e+00
3.238377177672066565e-01,9.461126426337019835e-01,1.543826200488259914e+00,-1.770506118263222017e+00
-4.668906409210600572e-02,9.989094710203738625e-01,3.020928461106228369e+00,-1.103357292665704703e+00
-6.586833166457873867e-01,7.524202870553833300e-01,5.153451873711929920e+00,-1.992846414949320577e+00
-9.969148670718592786e-01,7.849043133463591559e-02,4.904314634684828533e+00,-7.475354540073108067e-01
-8.515163187433083536e-01,-5.243281023498973514e-01,3.597812264187614240e+00,3.262800200446295817e-01
-6.074064887092379683e-01,-7.943911866794056698e-01,1.738223176217520427e+00,6.575036545594427073e-01
-5.670357487102348770e-01,-8.236931829781179992e-01,-3.934693586355125783e-01,5.808498040673964330e-02
-9.999958834585893630e-01,-2.869331956267157178e-03,5.662618542800329328e-03,-1.675485301257647386e+00
-9.808443611549541030e-01,1.947930676141480522e-01,-1.928020668234063706e+00,-1.999906240105823629e+00
-8.075124022198598706e-01,5.898505914730536315e-01,-3.223111764640688826e+00,-1.990504128125664129e+00
-4.428593023650263527e-01,8.965911210294033040e-01,-3.056775562889716635e+00,-1.994687376310017690e+00
-9.877634949534551401e-02,9.951096586710297398e-01,-2.017894968984517590e+00,-1.933888510942235239e+00
7.140603033166814662e-02,9.974473313575373812e-01,-6.924655359826408230e-01,-1.927854751644827225e+00
4.239644472325047181e-02,9.991008665169039960e-01,6.366834056319735646e-01,-1.977179125631310708e+00
-1.795649905989901152e-01,9.837461126485759211e-01,1.909494036574472364e+00,-1.999972618352482190e+00
-5.462024073950040304e-01,8.376532278669390763e-01,2.971507440221759833e+00,-1.996305132582863129e+00
-8.735319617541545956e-01,4.867667940543379257e-01,3.224516565358886311e+00,-1.905664905883453608e+00
-9.934811763158363229e-01,1.139962819836778524e-01,2.162758612874493558e+00,-1.247470954668461030e+00
-9.970952039672090761e-01,-7.616530854391485861e-02,7.272959500388498366e-01,-1.275895159266009049e+00
-9.999980124904289669e-01,1.993744013635311181e-03,-1.132501123488533601e+00,-1.912109063947135867e+00
-9.271404943877522564e-01,3.747138957477216259e-01,-3.114448500476252768e+00,-1.996946800409782119e+00
-6.040147155922536149e-01,7.969731635055279373e-01,-3.637144293057831490e+00,-1.999796677737905481e+00
-1.721493808169914652e-01,9.850708556669039995e-01,-2.840473032653437535e+00,-1.950649527940207184e+00
1.246040591870313519e-01,9.922065452485760995e-01,-1.550534619097341915e+00,-1.904075450384896451e+00
2.235161073598228576e-01,9.747002358421342771e-01,-2.389644209591842428e-01,-1.947802723297453742e+00
1.380772185968457411e-01,9.904214667022109841e-01,9.932665255626043077e-01,-1.995416848149957900e+00
-1.335381745966418565e-01,9.910436700395178766e-01,2.233779156869586391e+00,-1.987402796951656558e+00
-5.514788285935322554e-01,8.341888884497955514e-01,3.337055955952552999e+00,-1.976232724158512033e+00
-9.006141358511344785e-01,4.346195788331611576e-01,3.547236624831803908e+00,-1.890544032287190257e+00
-9.995944539841854493e-01,2.847678991842522364e-02,2.254042756348789922e+00,-1.028352481723525447e+00
-9.855648857269162511e-01,-1.692981276390570500e-01,7.587908953224529185e-01,-1.054672071883183460e+00
-9.960139186619846319e-01,-8.919794746291735688e-02,-1.173757806009507743e+00,-1.830362093506183285e+00
-9.488825395892568348e-01,3.156294125436384657e-01,-3.366615835789008138e+00,-1.999041244700574982e+00
-6.099699063828519785e-01,7.924245789394058770e-01,-4.041832707536266334e+00,-1.995085208315554359e+00
-1.205775441165283096e-01,9.927039114735202174e-01,-3.225571771310313807e+00,-1.927519763151617438e+00
2.288216829654340922e-01,9.734683545985798325e-01,-1.905776764630747744e+00,-1.865292479856735852e+00
3.797651097916436846e-01,9.250829483808146181e-01,-6.566257846982319624e-01,-1.910224343897482635e+00
3.717670561408132901e-01,9.283260504630866938e-01,4.117396176490612514e-01,-1.974024367779886324e+00
2.125855076821263900e-01,9.771424675673106020e-01,1.480061358846483710e+00,-1.999141517860938855e+00
-1.273513928720590438e-01,9.918576625370932875e-01,2.693423670789717228e+00,-1.946011002304608217e+00
-6.055468202348343043e-01,7.958096810817780753e-01,3.821123688271458985e+00,-1.952843121883878652e+00
-9.464987838703645684e-01,3.227073784900509335e-01,3.819932165341514363e+00,-1.779045034235549716e+00
-9.947768436949881998e-01,-1.020736559952516026e-01,2.201638163895069056e+00,-6.765327071721596308e-01
-9.584827081301732221e-01,-2.851506588024111388e-01,6.741669052117948979e-01,-8.019139412253505350e-01
-9.828642383561982943e-01,-1.843309224207655694e-01,-1.353059771109093479e+00,-1.709464851194563373e+00
-9.639375628678570340e-01,2.661284931990110514e-01,-3.703351381185327806e+00,-1.974904013532961855e+00
-6.027054077731862636e-01,7.979637782762807330e-01,-4.456856119521821924e+00,-1.975095723177885843e+00
-9.999674716064247404e-01,-8.065713177025141470e-03,5.387518584436565977e-03,-1.670558189191815535e+00
-9.739129175842633490e-01,2.269220768513012243e-01,-2.289143963941507653e+00,-1.999336180614241787e+00
-7.402399888452346755e-01,6.723427391698424405e-01,-3.738027624066414756e+00,-1.997649036578089010e+00
-2.796197397960679676e-01,9.601108275175211926e-01,-3.477932200264835849e+00,-1.999897752618894797e+00
1.355248188295651857e-01,9.907739517575204768e-01,-2.427320945165295285e+00,-1.974725826158584496e+00
3.839009490530149726e-01,9.233742801898883190e-01,-1.396309389448759042e+00,-1.920970464511864595e+00
4.945295857817244567e-01,8.691607957027031039e-01,-5.623267463363661456e-01,-1.880746837511530600e+00
5.034287162078336930e-01,8.640367629316084708e-01,1.720065134769007964e-01,-1.888098118602582032e+00
4.132293097718119368e-01,9.106270024249840667e-01,9.473752725755640869e-01,-1.952386900734305542e+00
1.940798243065593176e-01,9.809857398541199647e-01,1.865829801203365612e+00,-1.998569280456530706e+00
-1.907176815672618764e-01,9.816449286466102375e-01,2.951505378474540642e+00,-1.894979725601476428e+00
-6.739257770996492924e-01,7.387990572277646217e-01,3.914581127229709079e+00,-1.989721713317398999e+00
-9.614175480273841057e-01,2.750932539067664773e-01,3.359498041719810146e+00,-1.264345378410329568e+00
-9.940029554967581005e-01,-1.093532096635025236e-01,2.009060071647428281e+00,-4.412609240119103049e-01
-9.610285318183637848e-01,-2.764492015380767831e-01,6.067533322367290038e-01,-9.207920650054289835e-01
-9.919801868534856570e-01,-1.263934685421828075e-01,-1.794988729502451363e+00,-1.817038402328247315e+00
-9.120325391268219173e-01,4.101178459587951353e-01,-4.371346556214695589e+00,-1.939192373010043324e+00
-4.126267334764364136e-01,9.109002024484164073e-01,-4.786038014609367508e+00,-1.977032972740345507e+00
1.972043079140364807e-01,9.803624130596531039e-01,-3.784673026808115903e+00,-1.881240877522943888e+00
6.123989992555509687e-01,7.905488382831257210e-01,-2.790119496986107617e+00,-1.609568743132956614e+00
8.503016932275048179e-01,5.262955733183001250e-01,-2.295738859683285948e+00,-1.170780800968244106e+00
9.748204823811372766e-01,2.229910920422759346e-01,-2.277939178474273962e+00,-4.225535225440762432e-01
9.930408620957036359e-01,-1.177703112342908670e-01,-2.439644992276111424e+00,6.928820987930675024e-01
8.964577936451235685e-01,-4.431291281476733568e-01,-2.339047751236642547e+00,1.699556185313417567e+00
7.230039718698040296e-01,-6.908438728544152863e-01,-1.983931053864557148e+00,1.999018062401610951e+00
4.860328797100970655e-01,-8.739405242009952168e-01,-2.100805008724188738e+00,1.727290616472987539e+00
7.802385038208016488e-02,-9.969514926873597194e-01,-3.309832077076897416e+00,1.138777964543812748e+00
-6.065198220443549504e-01,-7.950683652789135580e-01,-5.598380570066198381e+00,1.993353414602536455e+00
-9.941188759674004505e-01,-1.082943232367807734e-01,-5.004218055442317237e+00,-5.491721393448975030e-01
-7.680163341601997651e-01,6.404302541753694733e-01,-5.171465434137467732e+00,-1.908271947770291632e+00
-1.221465530794889620e-01,9.925120752770716370e-01,-4.745604929747661238e+00,-1.923902904430367267e+00
4.542485284096993148e-01,8.908750049460488762e-01,-3.590760150931735950e+00,-1.682302836491908149e+00
7.953885641021380959e-01,6.060998532383413684e-01,-2.808155805868821631e+00,-1.242244865642753160e+00
9.655580399077782205e-01,2.601877621438975496e-01,-2.626406876962953163e+00,-4.607374922338022261e-01
9.920077657884180944e-01,-1.261768307395259858e-01,-2.753881829530928638e+00,7.691101815671160802e-01
8.725242309443947963e-01,-4.885708407333499426e-01,-2.628677194117642557e+00,1.821590579784156505e+00
6.522440790764431062e-01,-7.580090113644577521e-01,-2.312650408464616447e+00,1.936961868298246570e+00
3.169692601631072804e-01,-9.484358112764682547e-01,-2.816859335897725192e+00,1.347276256506421577e+00
-2.921493363917039843e-01,-9.563727125163531406e-01,-4.815727952635977083e+00,1.501221982135582556e+00
-9.131962096577577181e-01,-4.075201622824380920e-01,-5.933666518052589822e+00,1.181054321011232311e+00
-9.999998524829291080e-01,-5.431704336396137381e-04,5.668964288000554255e-03,-1.524381626398011891e+00
-9.672971886534810215e-01,2.536457151679717970e-01,-2.473028045612408299e+00,-1.997345024429317162e+00
-6.783420936558300918e-01,7.347462173938870134e-01,-4.209566303481039995e+00,-1.986997199372313894e+00
-1.219822516632568937e-01,9.925322817315122004e-01,-3.966666780953397975e+00,-1.944758845133928160e+00
3.677804541310504827e-01,9.299126504995822717e-01,-3.019159978327266014e+00,-1.741694937510073649e+00
6.759682884846128781e-01,7.369307111005641842e-01,-2.238556582226731706e+00,-1.366242493805823521e+00
8.484868094535316096e-01,5.292165286377272793e-01,-1.692553402285431829e+00,-9.376781141266822273e-01
9.378429788489238694e-01,3.470598608652071260e-01,-1.278370286024788083e+00,-5.143294025374477441e-01
9.777032921207663430e-01,2.099911249939278024e-01,-8.608923301876402201e-01,-1.790225414150977690e-01
9.908112082510812657e-01,1.352521704226311572e-01,-3.708271886438514464e-01,-1.245860573520872830e-02
9.906664507984859203e-01,1.363084122948068910e-01,1.898109546459963159e-01,-4.348515147577197010e-02
9.748083246614703823e-01,2.230442336638574219e-01,8.219874084967006000e-01,-2.559676215868578741e-01
9.139211682259583691e-01,4.058917322002253414e-01,1.600552698105788707e+00,-6.059719590600922690e-01
7.267729279159123035e-01,6.868777993562844575e-01,2.723982026050256522e+00,-1.123959493771305773e+00
2.645368423711275119e-01,9.643755798589640493e-01,4.246956075283912391e+00,-1.978797717123013777e+00
-4.381265966177353977e-01,8.989132802090311625e-01,5.100889062770670002e+00,-1.742253434255356837e+00
-9.522000747102961071e-01,3.054750689036774269e-01,5.250415415074719760e+00,-1.054046376307429034e+00
-9.387044272487183871e-01,-3.447230747479135271e-01,3.642753237138176559e+00,1.556248418306615866e+00
-5.653450955370261655e-01,-8.248544859259908657e-01,4.097741741061657450e+00,1.591512610539754347e+00
-9.557143723437097615e-02,-9.954225737770651117e-01,2.892669498954148821e+00,1.657182716478002638e+00
1.869671380599406962e-01,-9.823661686385963820e-01,1.393397956132456539e+00,1.967705220849346848e+00
3.075912038308996066e-01,-9.515186027219110221e-01,5.660594106539873493e-01,1.993525376396760640e+00
3.236134575742186104e-01,-9.461893732635446863e-01,-1.088463847187367273e-01,1.922519687836550917e+00
2.293930494277415799e-01,-9.733338732799972082e-01,-9.379857344685355036e-01,1.697791794280672617e+00
-4.546387448172117124e-02,-9.989659834634562197e-01,-2.318482673362126434e+00,1.245793876529996513e+00
-5.730529806996849107e-01,-8.195183227428209927e-01,-4.433090579079026483e+00,1.958457009336410870e+00
-9.474161903593615319e-01,-3.200040034826971969e-01,-3.889990406090763742e+00,-6.580925345783739111e-01
-9.012632373219034987e-01,4.332719435320526724e-01,-5.421445957104518598e+00,-1.556475387361074825e+00
-2.868202912803496929e-01,9.579844051496116952e-01,-5.294763284380749724e+00,-1.786544697115552527e+00
3.762167127865917449e-01,9.265316967163352846e-01,-4.099479179715475041e+00,-1.532928024016967816e+00
7.743943937966761837e-01,6.327031870128981828e-01,-3.087449034178519902e+00,-9.092649229674919509e-01
9.522438245896912568e-01,3.053386620308624622e-01,-2.366539259693803743e+00,-1.312906649486724475e-01
9.991590685321588561e-01,4.100189958951384883e-02,-1.646279708792824259e+00,5.319397875989031466e-01
9.939962396316236459e-01,-1.094142385532697603e-01,-7.674823420396071905e-01,8.230346474245984201e-01
9.913980041153070966e-01,-1.308816161123692312e-01,1.459718257049165135e-01,7.697311756081801626e-01
9.997475565890775462e-01,-2.246826860639626264e-02,1.056632651085223307e+00,4.498573064069567584e-01
9.742322768503219876e-01,2.255470477373568428e-01,2.080650511069220610e+00,-8.796821565390372522e-02
7.897147972182985143e-01,6.134741551642266533e-01,3.470913686619412353e+00,-8.587953287725653695e-01
2.250961572608042860e-01,9.743365537566673895e-01,5.298513819938121649e+00,-1.990087266090081464e+00
-6.044977795396350162e-01,7.966068255618017346e-01,6.087629613644233828e+00,-1.921820805537706622e+00
-9.998587281415067807e-01,-1.680844309412238974e-02,2.001093449008772666e-03,-1.440113707732491699e+00
-9.585387007846696283e-01,2.849623818998528457e-01,-2.926282935009509423e+00,-1.998722761164555051e+00
-5.667283970914934743e-01,8.239046813376572631e-01,-5.019535693810808219e+00,-1.815418063694121953e+00
1.084567790001917387e-01,9.941011654197492442e-01,-4.460931852003106712e+00,-1.818280119145677443e+00
6.459700772928836932e-01,7.633627311064025145e-01,-3.807671451821674324e+00,-1.366457777068115220e+00
9.454234048271193958e-01,3.258444193247703180e-01,-3.686928824940975069e+00,3.702138668078809869e-01
9.997999598240654429e-01,-2.000100836951046457e-02,-1.885314309341795003e+00,9.038727437478550897e-01
9.914966949070807001e-01,-1.301318715316708563e-01,-2.440258474959612345e-01,4.202743727979720290e-01
9.900887078277200715e-01,-1.404434072216835250e-01,8.977000497567194648e-03,3.400780895416946059e-01
9.910773005027306848e-01,-1.332883506845964627e-01,7.078225158453062271e-02,2.877618078854943251e-01
9.922274310781483697e-01,-1.244376350468713727e-01,5.880535245620382295e-02,2.614368224763155557e-01
9.928852891690989058e-01,-1.190747771427467239e-01,2.794117002710019490e-02,2.556364002334554630e-01
9.930912733952832472e-01,-1.173444617616651309e-01,4.702110425502461187e-03,2.595685930518976670e-01
9.930589667021679778e-01,-1.176175524844074033e-01,-5.116855430104693195e-03,2.648374290150369292e-01
9.929637380421043602e-01,-1.184188115691555687e-01,-5.932804702535342256e-03,2.680530775047514913e-01
9.928916631141107008e-01,-1.190216170218475755e-01,-3.463632098490541586e-03,2.691199197018718792e-01
9.928602248679145870e-01,-1.192835859422161776e-01,-1.080286583459820135e-03,2.690095355093852225e-01
9.928563469692354149e-01,-1.193158593100901027e-01,1.807175846804582350e-04,2.685723329195879860e-01
9.928631117658192062e-01,-1.192595543119894935e-01,5.028583956347772339e-04,2.682305413289583496e-01
9.928701845529397385e-01,-1.192006569856535747e-01,3.753294988414497394e-04,2.680763743958421985e-01
9.928741044508661018e-01,-1.191680020428750736e-01,1.617498877874785543e-04,2.680534481118745371e-01
9.928752085111079984e-01,-1.191588029648828900e-01,1.866954874061474255e-05,2.680832929273312404e-01
9.928748993319795879e-01,-1.191613791314597021e-01,-3.594123198857704404e-05,2.681163894257801994e-01
9.928742776839113438e-01,-1.191665587052478659e-01,-3.698316312658980650e-05,2.681353136923436131e-01
9.928738413145080655e-01,-1.191701944001649222e-01,-2.031559907564697739e-05,2.681409790498232582e-01
9.928736651576141048e-01,-1.191716620530485909e-01,-5.614828623510730560e-06,2.681397753290599706e-01
9.928736536843024707e-01,-1.191717576424208974e-01,1.694884923854696171e-06,2.681369156238083140e-01
9.928737004552621315e-01,-1.191713679718175017e-01,3.266810484083367230e-06,2.681348379737981680e-01
9.928737444576746229e-01,-1.191710013660886441e-01,2.270538111949856373e-06,2.681339670371380990e-01
9.928737673400007679e-01,-1.191708107217286372e-01,9.062373289143460095e-07,2.681338846388867658e-01
9.928737729092697029e-01,-1.191707643212546325e-01,5.078261258348482070e-08,2.681340937532569191e-01
9.928737703494600053e-01,-1.191707856483613798e-01,-2.477176636022354924e-07,2.681343004932507101e-01
9.928737663518066858e-01,-1.191708189548848079e-01,-2.298437973040895477e-07,2.681344114232173115e-01
9.928737637295491636e-01,-1.191708408022673638e-01,-1.184268574743446739e-07,2.681344405375626905e-01
9.928737627552317591e-01,-1.191708489198086834e-01,-2.814487993599123858e-08,2.681344299514842322e-01
9.928737627588989367e-01,-1.191708488892552625e-01,1.383335093316396193e-08,2.681344114625330843e-01
9.928737630754455035e-01,-1.191708462519428108e-01,2.097574176748884966e-08,2.681343989319034393e-01
9.928737633471026447e-01,-1.191708439886269566e-01,1.362996513607107086e-08,2.681343940782451862e-01
9.928737634794311262e-01,-1.191708428861295854e-01,5.000971971620977287e-09,2.681343939254090536e-01
9.928737635061084532e-01,-1.191708426638674601e-01,-7.364972900824568943e-11,2.681343953547865033e-01
-9.998557828575450612e-01,-1.698274083667680040e-02,1.421565022621482663e-03,-1.567593364422067426e+00
-9.215005368072713976e-01,3.883770856576256869e-01,-3.956091662964229094e+00,-1.943621291054830724e+00
-3.244054098313261525e-01,9.459181413167681018e-01,-6.045435694850841202e+00,-1.951301474605346087e+00
5.493553737092461420e-01,8.355888183650942436e-01,-6.082198129997919089e+00,-5.133363731989158962e-01
9.423763541571096303e-01,3.345546399701459506e-01,-3.750140279657899978e+00,9.511921035753381215e-01
9.800578309851839531e-01,1.987124755132816112e-01,3.220153937463201554e-01,-1.315050437658321192e+00
9.997144913994009396e-01,-2.389426052500944267e-02,-2.492435877834990432e+00,1.441827885062657577e+00
9.997517046430608456e-01,-2.228293210719632308e-02,1.207338607041616996e+00,-9.552313606321850559e-01
9.926172402521921123e-01,-1.212889704553633402e-01,-1.614130676212469417e+00,1.185419660704501998e+00
9.941408802908727749e-01,-1.080921372463723718e-01,9.099966662321139488e-01,-5.641841946822142573e-01
9.817604190191130398e-01,-1.901222755160887623e-01,-1.301500990398626989e+00,1.188489026576697194e+00
9.862654471347283014e-01,-1.651679986805386080e-01,8.868921577171522408e-01,-3.381950997184927643e-01
9.761387120046539634e-01,-2.171479102498923286e-01,-9.768869072392827313e-01,1.047208368328296446e+00
9.804748538002281411e-01,-1.966445042848166402e-01,6.858321408347770598e-01,-1.283604478333381371e-01
9.712622516356425040e-01,-2.380118453935894385e-01,-7.703098728282444796e-01,9.705695867831890533e-01
9.758169696451275410e-01,-2.185892077679049417e-01,5.765777290415843304e-01,1.238999646375049495e-02
9.684565905723478973e-01,-2.491823271762742265e-01,-6.041165755606547894e-01,8.910064834944937395e-01
9.725769796772830711e-01,-2.325812086171487048e-01,4.674239276086643580e-01,1.254043443079064235e-01
9.666855291949500995e-01,-2.559669659254475982e-01,-4.752074229667666017e-01,8.239663470732296879e-01
9.702758963908546530e-01,-2.420014150432254485e-01,3.777550784958640939e-01,2.125858703035904407e-01
9.656240044504542652e-01,-2.599428437735284425e-01,-3.740736757947498714e-01,7.675361042153866498e-01
9.686651788660760598e-01,-2.483702302055400268e-01,3.037763340028390435e-01,2.804810974637797494e-01
9.650146230483087617e-01,-2.621960665283342151e-01,-2.944998333264754464e-01,7.206721060363809883e-01
9.675422189723827948e-01,-2.527094270224156114e-01,2.433030801399800325e-01,3.334890925011350093e-01
9.646863279394960466e-01,-2.634013832283554901e-01,-2.318435580005376029e-01,6.821773081432489505e-01
9.667595031842413089e-01,-2.556874322350610185e-01,1.942397687052597188e-01,3.749320191056108031e-01
9.645279067220303704e-01,-2.639809030108394294e-01,-1.825176729819115995e-01,6.508368470802686767e-01
9.662123261362408622e-01,-2.577474361121647184e-01,1.546751081915879178e-01,4.073638694658391346e-01
9.644684981797367884e-01,-2.641978728508674878e-01,-1.437018995575337077e-01,6.255014201047788269e-01
9.658276049016065734e-01,-2.591853344809968429e-01,1.229249453290941207e-01,4.327652374423850978e-01
9.644639366645609835e-01,-2.642145243424322554e-01,-1.131652523064861499e-01,6.051339728576736743e-01
9.655549279477759761e-01,-2.601993103675815933e-01,9.754294475929718711e-02,4.526772326618836995e-01
9.644873936416714644e-01,-2.641288842710985962e-01,-8.914284654891133086e-02,5.888303946202695371e-01
9.653597863557089598e-01,-2.609223694650574799e-01,7.731165246369045563e-02,4.683000363198189797e-01
9.645230793468813069e-01,-2.639985405399238316e-01,-7.024177261081643309e-02,5.758224087810066560e-01
9.652186408194112222e-01,-2.614440196576094944e-01,6.122217460074123180e-02,4.805684696425285285e-01
9.645620833016774753e-01,-2.638559975758137388e-01,-5.536550150265115433e-02,5.654694886660389663e-01
9.651154281954099634e-01,-2.618247701406237749e-01,4.844845021379971806e-02,4.902108991263619542e-01
9.645996815569649607e-01,-2.637185134574398515e-01,-4.365242507966717034e-02,5.572450843178711199e-01
9.650391431183505953e-01,-2.621058035400962716e-01,3.832026083519074477e-02,4.977952547489561397e-01
-9.999632328613752286e-01,-8.575134134639139996e-03,4.996212124009408520e-03,-1.043136314361369887e+00
-9.408621968866273111e-01,3.387895017111206553e-01,-3.345267620283417731e+00,-1.928535735764137282e+00
-3.220800912092244839e-01,9.467124245760470957e-01,-6.822313377464821471e+00,-9.382454522272668518e-01
4.049834239995888097e-01,9.143240269650411145e-01,-4.005667941265551590e+00,-1.328472935903247665e+00
8.184852429842903732e-01,5.745275511382783584e-01,-3.631098147295284573e+00,-2.941755019853514175e-01
9.609956753976212074e-01,2.765633957469241233e-01,-1.733771189212256703e+00,-9.282563126632042971e-02
9.902803462023145320e-01,1.390857143110822425e-01,-6.526543823981497683e-01,-1.165800537243575907e-01
9.969443978087929592e-01,7.811445242503588238e-02,-3.345822570682341901e-01,-7.642698972096856336e-02
9.989958049464283674e-01,4.480381344749250622e-02,-1.918849343001463037e-01,-4.703813867563152312e-02
9.997025614228243207e-01,2.438828990815389980e-02,-1.235938069860295085e-01,-2.409216732144816089e-02
9.999439959132581102e-01,1.058324321869126040e-02,-8.643673246759532580e-02,-6.281185379480430479e-03
9.999998063485104893e-01,6.223366786088584774e-04,-6.365499512710090513e-02,7.561975796737971031e-03
9.999764791022974775e-01,-6.858661835396752914e-03,-4.840528310886161450e-02,1.839653872895114298e-02
9.999203494333338549e-01,-1.262120394888902909e-02,-3.758632948131625240e-02,2.695081109976271705e-02
9.998531684684244247e-01,-1.713597104492125753e-02,-2.961071802362938779e-02,3.376098287388527852e-02
9.997854018108929264e-01,-2.071594375912866673e-02,-2.357385636242055604e-02,3.922129976728003925e-02
9.997219525265941265e-01,-2.358002621741976668e-02,-1.891648092527102587e-02,4.362497567710560409e-02
9.996648773499439145e-01,-2.588692706602080743e-02,-1.527165389606654697e-02,4.719336565113993465e-02
9.996147608208193480e-01,-2.775481848501504950e-02,-1.238774504743120515e-02,5.009602220200395223e-02
9.995714391461933968e-01,-2.927350411562848823e-02,-1.008622044512632113e-02,5.246449691008466670e-02
9.995343904627633780e-01,-3.051233000332955608e-02,-8.236939675048278106e-03,5.440197925718049526e-02
9.995029469114405929e-01,-3.152553116675411993e-02,-6.742941438270906238e-03,5.599015624729461460e-02
9.994764088244089129e-01,-3.235596086446708430e-02,-5.530679333382355727e-03,5.729418787066584834e-02
9.994541041739541942e-01,-3.303776096890959774e-02,-4.543537238635425926e-03,5.836638057799191370e-02
9.994354171733392800e-01,-3.359831691548507276e-02,-3.737395318329522591e-03,5.924894328296450435e-02
9.994197995541703738e-01,-3.405971607488575414e-02,-3.077520664008753619e-03,5.997608463141514135e-02
9.994067722936592624e-01,-3.443985327451091344e-02,-2.536338153324363149e-03,6.057562900253293109e-02
9.993959222961291688e-01,-3.475328039004978858e-02,-2.091801005335275094e-03,6.107027525086706349e-02
9.993868966395296205e-01,-3.501186691980418680e-02,-1.726179141924460677e-03,6.147858639621812948e-02
9.993793958857561943e-01,-3.522531872135390568e-02,-1.425144549434547922e-03,6.181577405597116909e-02
9.993731672950572076e-01,-3.540158881527154938e-02,-1.177071641410370583e-03,6.209432447496780749e-02
9.993679983937389100e-01,-3.554720504472610315e-02,-9.724958592842109298e-04,6.232450106998646544e-02
9.993637111130851958e-01,-3.566753299966198693e-02,-8.036904825249708510e-04,6.251474985066300671e-02
9.993601565824268285e-01,-3.576698806926999208e-02,-6.643329373743062224e-04,6.267202785425492195e-02
9.993572105825504481e-01,-3.584920719714572435e-02,-5.492396988478193262e-04,6.280207015414168703e-02
9.993547696241644740e-01,-3.591718849566598315e-02,-4.541543220110849676e-04,6.290960757097743827e-02
9.993527475958411399e-01,-3.597340507434620971e-02,-3.755770223826609771e-04,6.299854462796952714e-02
9.993510729180774543e-01,-3.601989807713961572e-02,-3.106270207286648301e-04,6.307210531122582620e-02
9.993496861395501085e-01,-3.605835288504943142e-02,-2.569309130645397151e-04,6.313295266628370095e-02
9.993485379150230941e-01,-3.609016163867509452e-02,-2.125318420793381594e-04,6.318328706703284225e-02
