-9.998207123043275635e-01,-1.893523824162574032e-02,5.448831829968968886e-03,1.005448937416076660e+00
-9.982347176877549577e-01,-5.939232612760902974e-02,3.943992493643061481e-01,-2.034019082784652710e-01
-9.955998441860737236e-01,-9.370672471421509497e-02,1.366553860552485733e-01,5.408368110656738281e-01
-9.932232187288065894e-01,-1.162223635019925538e-01,1.524819084355391596e-01,1.554553866386413574e+00
-9.837195286427078411e-01,-1.797105699923314537e-01,5.522271302023622486e-01,-2.758419513702392578e-01
-9.783922238529051407e-01,-2.067574818577716522e-01,-1.077949455259594180e-02,7.961400598287582397e-02
-9.864037677276537019e-01,-1.643399130238573647e-01,-4.181317562790168862e-01,-7.216265797615051270e-01
-9.992731449377780795e-01,-3.812062179663889411e-02,-1.032509002664570685e+00,3.084549903869628906e-01
-9.946032177374322103e-01,1.037518157255378909e-01,-8.674387740875526553e-01,5.613846778869628906e-01
-9.837448407526636629e-01,1.795719585361712778e-01,-3.096928361120165896e-01,1.972739577293395996e+00
-9.950529609201547165e-01,9.934588549121199652e-02,9.529040666560888440e-01,2.288693040609359741e-01
-9.976887524565146714e-01,-6.794963739243466139e-02,1.157618593079374980e+00,1.652654170989990234e+00
-9.581363927772659217e-01,-2.863121597762988690e-01,1.591950035632584637e+00,-9.109890460968017578e-01
-9.148506349979704799e-01,-4.037924165258805487e-01,4.200360823696299706e-01,-6.621038913726806641e-01
-9.363937664380148629e-01,-3.509511563964826664e-01,-7.744151352324777360e-01,-1.012934327125549316e+00
-9.919411812373755133e-01,-1.266992224340783013e-01,-1.878841504533831142e+00,9.946809411048889160e-01
-9.921832910189528620e-01,1.247890901593559088e-01,-1.516143285577637112e+00,1.851331591606140137e+00
-9.728756990104844293e-01,2.313284986223299866e-01,-2.905627509972095179e-01,2.605401277542114258e-01
-9.773845800871847622e-01,2.114695784452165217e-01,3.478435439516767702e-01,8.613312840461730957e-01
-9.968229651090598775e-01,7.964908179748224348e-02,1.131176283054888376e+00,-1.897636055946350098e+00
-9.998693067941736290e-01,-1.616692088613794903e-02,3.643232911618241032e-01,-1.552987575531005859e+00
-9.999950944206605907e-01,3.132273074652633122e-03,-3.749536225891552665e-01,1.761190176010131836e+00
-9.997818364977640870e-01,-2.088730258214590435e-02,4.266801522189924145e-01,1.625339984893798828e+00
-9.890611898330990970e-01,-1.475058058719529164e-01,1.029914475364682280e+00,-6.536682248115539551e-01
-9.726755501673886029e-01,-2.321686329084270972e-01,3.217800310888291881e-01,-1.541651248931884766e+00
-9.868568652169634747e-01,-1.615968055815086846e-01,-8.704509028790382574e-01,-8.369707316160202026e-02
-9.999997308340122792e-01,7.337110487307372825e-04,-1.155985954678403260e+00,-1.453790664672851562e+00
-9.739396683358177986e-01,2.268072363085386622e-01,-1.648228145117278887e+00,-1.783527612686157227e+00
-8.810667522422476194e-01,4.729919429475494819e-01,-1.752005754955537897e+00,1.454283475875854492e+00
-8.381183874655794286e-01,5.454883762208841969e-01,6.126893963304225199e-02,-5.199573040008544922e-01
-8.909106736719695219e-01,4.541785678974267770e-01,1.006939188908943406e+00,-1.483256578445434570e+00
-9.574465634865421126e-01,2.886105993684413007e-01,1.243284749914004061e+00,1.501820087432861328e+00
-9.999124362350285677e-01,-1.323328615763862647e-02,2.369613859846586124e+00,1.639485716819763184e+00
-9.131510536024487479e-01,-4.076213356839135660e-01,2.782399702634754668e+00,-8.642513751983642578e-01
-7.699586540103996457e-01,-6.380937792476070181e-01,1.262791531359927166e+00,-1.424523949623107910e+00
-7.828783941138116598e-01,-6.221747503955615821e-01,-8.426084227048411535e-01,-5.247476100921630859e-01
-9.245999114521316065e-01,-3.809396326751922635e-01,-2.334695344586088517e+00,3.076320886611938477e-01
-9.999212614809726007e-01,1.254873851430582041e-02,-2.770530764833472492e+00,1.803317427635192871e+00
-9.472357460752121039e-01,3.205377378052954862e-01,-1.666703981302726234e+00,-1.216920018196105957e+00
-8.535855310383604344e-01,5.209527245364594661e-01,-1.329888854083494332e+00,-1.874555468559265137e+00
-9.999055086286136040e-01,-1.374677468184748799e-02,8.917730007820798277e-03,5.928515195846557617e-01
-9.992829214195813048e-01,-3.786347790611649389e-02,2.321002201109341190e-01,-6.829010248184204102e-01
-9.994578214674785244e-01,-3.292511362898825622e-02,-1.667370377809712922e-01,7.625617980957031250e-01
-9.993794275240888147e-01,-3.522442109708138341e-02,1.075277946971638782e-01,-1.341808915138244629e+00
-9.998779036260603270e-01,1.562619084597293220e-02,-5.536610768958263318e-01,3.742368817329406738e-01
-9.972008441303572557e-01,7.476948886880899203e-02,-2.987037019201089771e-01,2.652513086795806885e-01
-9.959919620526807016e-01,8.944278353479055699e-02,7.767987511203847117e-03,9.157412052154541016e-01
-9.995789993194710288e-01,2.901420547740327788e-02,5.899477596210969121e-01,9.384098649024963379e-01
-9.947681817115169300e-01,-1.021580376395435363e-01,9.878494977607958916e-01,-9.766013026237487793e-01
-9.841358370620245655e-01,-1.774166119906142591e-01,2.425764847979077210e-01,-9.138743877410888672e-01
-9.909812205500294624e-01,-1.340008228227492770e-01,-5.548530490240983770e-01,1.276434183120727539e+00
-9.966628156248054093e-01,-8.162862212995541933e-02,-2.341633757512249780e-01,-1.902142524719238281e+00
-9.986268115532761502e-01,5.238789217879978588e-02,-1.196399911024557783e+00,-2.026717737317085266e-02
-9.775095271639391292e-01,2.108912618003226380e-01,-9.608031731838886369e-01,1.287576556205749512e+00
-9.695408577400385086e-01,2.449296331045112129e-01,1.462167947117452016e-01,-1.153187632560729980e+00
-9.751385635562002108e-01,2.215959879274679023e-01,1.610459928313600353e-01,6.903482079505920410e-01
-9.925672563307231799e-01,1.216973362900781591e-01,9.134727602936583146e-01,-6.118099689483642578e-01
-9.999670543967298375e-01,-8.117273010528914048e-03,8.109575582751381573e-01,-1.348595023155212402e+00
-9.980058568323149082e-01,-6.312138883450628402e-02,1.267267027958751402e-01,-1.531219244003295898e+00
-9.999997557031677919e-01,-6.989947101319821717e-04,-6.772955165715106585e-01,1.487774848937988281e+00
-9.995151081213221600e-01,3.113757596894247553e-02,3.278482881433983365e-02,9.280298948287963867e-01
-9.997839638274542695e-01,-2.078522728919947327e-02,4.926668115540706605e-01,-4.879271388053894043e-01
-9.978738765621388840e-01,-6.517458457749618350e-02,1.848204902090097579e-01,-6.068400144577026367e-01
-9.987048440155966711e-01,-5.087862556892333576e-02,-2.346438346283417076e-01,-6.909955143928527832e-01
-9.997173241847934211e-01,2.377544373501067065e-02,-6.129577688350755782e-01,1.530668854713439941e+00
-9.992301593099136570e-01,3.923122131013320746e-02,1.606480517561439947e-01,-1.175588965415954590e+00
-9.982573330925754718e-01,5.901098988238358267e-02,-2.761167335436118808e-01,-1.336560249328613281e+00
-9.896733925214465932e-01,1.433407692706114567e-01,-6.910807731545050014e-01,-1.066207364201545715e-01
-9.768012600821549540e-01,2.141478421603034976e-01,-3.542383575796232975e-01,-1.284962773323059082e+00
-9.622236218915222183e-01,2.722603560453868421e-01,-4.076846502814597262e-01,-1.340016365051269531e+00
-9.450457657953778012e-01,3.269380683741616167e-01,-3.551702044857757423e-01,4.058746099472045898e-01
-9.568863704204338960e-01,2.904625175536562631e-01,5.573795730577810748e-01,1.407281875610351562e+00
-9.959260082495500210e-01,9.017419859426052675e-02,1.722332253417742765e+00,-1.164964437484741211e-01
-9.856093928556913797e-01,-1.690388260567240453e-01,1.674267959636428715e+00,7.608247995376586914e-01
-9.190189181998972279e-01,-3.942134294905368930e-01,1.457484821281042509e+00,-1.166186809539794922e+00
-8.884661536611891952e-01,-4.589421464612856161e-01,-3.772006937247485148e-02,-1.562262535095214844e+00
-9.545353661014663871e-01,-2.980976934857757499e-01,-1.691715703831758510e+00,-5.439249873161315918e-01
-9.996190687837792632e-01,2.759922687051236459e-02,-2.379592689644501213e+00,1.305069565773010254e+00
-9.541337993814295038e-01,2.993805151942223186e-01,-1.499813655266747370e+00,1.029298186302185059e+00
-9.178555863141394378e-01,3.969145029750454357e-01,-2.590833851956349521e-01,-1.640999913215637207e+00
-9.996906884630741841e-01,-2.487021110133095028e-02,5.288949197529044591e-03,1.405541181564331055e+00
-9.966812482943290252e-01,-8.140325115410343426e-02,5.527012076190053191e-01,1.884209156036376953e+00
-9.748508950611423085e-01,-2.228580992436436370e-01,1.123784984280226551e+00,-4.020855128765106201e-01
-9.495359547639987685e-01,-3.136582066683752390e-01,3.533453287876773818e-01,1.041744127869606018e-01
-9.536643626363673354e-01,-3.008725368613281437e-01,-3.117970739594930762e-01,-7.844511419534683228e-02
-9.816321727821215593e-01,-1.907833256840101854e-01,-9.568140271231502236e-01,-1.547470808029174805e+00
-9.985622265314111345e-01,5.360484814483429394e-02,-1.921874352031246680e+00,1.760936498641967773e+00
-9.715192634199175670e-01,2.369605891367188855e-01,-8.417680702101721923e-01,1.830083847045898438e+00
-9.741549098940799345e-01,2.258809676118307685e-01,5.404572838690252512e-01,4.135507643222808838e-01
-9.965245279079643081e-01,8.329985160736447236e-02,1.142088601138151027e+00,-1.951185822486877441e+00
-9.999215934657708083e-01,-1.252225701995754968e-02,3.589431844212674361e-01,-7.990415096282958984e-01
-9.996587422253138122e-01,-2.612276961778025458e-02,-4.946737783491247931e-02,-3.226444721221923828e-01
-9.999997612126547697e-01,6.910677487446278923e-04,-2.378386016013289694e-01,1.491384506225585938e+00
-9.995324176737784283e-01,-3.057688700982236218e-02,4.279432286641440264e-01,-4.708056151866912842e-01
-9.979270288210030371e-01,-6.435561473939156729e-02,1.136733697044056135e-01,-1.008501410484313965e+00
-9.997446536046736831e-01,-2.259707036035751848e-02,-4.679573389375655812e-01,1.538241028785705566e+00
-9.998374775947742599e-01,-1.802826660883654480e-02,1.936245963551490035e-01,1.381068825721740723e+00
-9.948099742280801516e-01,-1.017502588513981565e-01,7.242982346174490216e-01,-1.031121373176574707e+00
-9.904838863366350887e-01,-1.376287430280308810e-01,-1.446903558256151801e-02,8.644073605537414551e-01
-9.896941555952604164e-01,-1.431973406896389911e-01,6.255054575596213917e-02,-9.777776002883911133e-01
-9.969018232908862798e-01,-7.865592615503667895e-02,-6.691006103177221664e-01,-1.756962656974792480e+00
-9.939093059465465840e-01,1.102011413409773738e-01,-1.514571807279591731e+00,-1.493948459625244141e+00
-9.331656282157547722e-01,3.594466724240130695e-01,-1.752889670645301656e+00,-2.143392711877822876e-01
-8.527844903526814457e-01,5.222629730451100460e-01,-8.952813620227455527e-01,-1.281515479087829590e+00
-8.139271434057857579e-01,5.809669570873178257e-01,-2.381325815478210206e-01,-1.085148930549621582e+00
-8.395288102442889366e-01,5.433151725930435161e-01,5.691753061490383292e-01,1.114862561225891113e+00
-9.476851230557351569e-01,3.192066846712896533e-01,2.163934633269623653e+00,-8.278446793556213379e-01
-9.998446261273760127e-01,-1.762735386289391790e-02,2.259231310801231629e+00,1.009491920471191406e+00
-9.286484589506812659e-01,-3.709609678773830854e-01,2.404814255311692239e+00,2.770139575004577637e-01
-7.926146074423503496e-01,-6.097229568164618252e-01,1.487448599422320772e+00,1.799481987953186035e+00
-6.855103311778766306e-01,-7.280628996511206985e-01,8.204798869531386707e-01,-2.941583395004272461e-01
-7.240785081394298661e-01,-6.897175610716154148e-01,-9.524228970629677882e-01,-1.333719253540039062e+00
-9.156533351697661027e-01,-4.019688666955241740e-01,-2.938861267532631327e+00,1.694957256317138672e+00
-9.997975565050559732e-01,2.012078543495007463e-02,-2.761849461224239910e+00,-7.690831422805786133e-01
-9.033583690410704747e-01,4.288865317114273212e-01,-2.745026800593363348e+00,6.731072068214416504e-01
-7.557721815095511664e-01,6.548346429872917707e-01,-1.268249383531236063e+00,1.231221437454223633e+00
-7.654147267746063132e-01,6.435373307249196984e-01,7.895587305483260376e-01,-1.427322030067443848e+00
-8.743260215761400334e-01,4.853390649791536338e-01,1.493448033867678770e+00,1.203223705291748047e+00
-9.910202548431583658e-01,1.337118337717399796e-01,2.900979507191824958e+00,-6.668506860733032227e-01
-9.611602446600947536e-01,-2.759909130477792294e-01,2.580447384448092407e+00,-1.957616925239562988e+00
-9.999975098398534712e-01,-2.231661733344577573e-03,8.712929970154070477e-04,8.516199588775634766e-01
-9.992394525567729335e-01,-3.899380020004184627e-02,3.602503675063097321e-01,1.556708216667175293e+00
-9.888080849102652836e-01,-1.491930669169773405e-01,9.028245773188674494e-01,1.183064103126525879e+00
-9.560266179203729120e-01,-2.932799103718721767e-01,9.914925636197822190e-01,2.832038700580596924e-01
-9.257741259049837579e-01,-3.780770659599220762e-01,3.796956957816670641e-01,-1.996680974960327148e+00
-9.631859535406555040e-01,-2.688360446479938770e-01,-1.327964586230832023e+00,-3.770739212632179260e-02
-9.997507456907888113e-01,-2.232591522674222048e-02,-1.775345324258886137e+00,-1.311936259269714355e+00
-9.574100823232564172e-01,2.887315955446778104e-01,-2.187819316210723564e+00,-6.116909384727478027e-01
-8.421389767970014484e-01,5.392605527565497159e-01,-1.604673927870979622e+00,-1.516531705856323242e+00
-7.325092351538009527e-01,6.807570935468785223e-01,-9.503060387161397227e-01,3.813551068305969238e-01
-7.519947208877543199e-01,6.591691283403284807e-01,7.685322765928979116e-01,1.730175614356994629e+00
-9.255192967310051921e-01,3.787004507239799533e-01,2.871979902730333656e+00,-7.525607347488403320e-01
-9.974285539065141926e-01,-7.166784391873354254e-02,3.053530431862473193e+00,-1.857955098152160645e+00
-9.168243862817389012e-01,-3.992906769749486884e-01,1.771513587640318965e+00,1.868972301483154297e+00
-7.904894559842536861e-01,-6.124756484773241638e-01,1.542273382956930394e+00,1.223489046096801758e+00
-6.960054547612346543e-01,-7.180364941579272520e-01,6.153190612498781187e-01,-2.303147017955780029e-01
-7.505584858972694784e-01,-6.608040248421602758e-01,-1.092064989222779392e+00,4.947090148925781250e-01
-9.042466148403822679e-01,-4.270106082402513881e-01,-2.209760580524974038e+00,-6.959790587425231934e-01
-9.999988658468301761e-01,-1.506089324522422775e-03,-3.191924602781314846e+00,1.909237742424011230e+00
-9.320365619794733769e-01,3.623642464889206827e-01,-2.026735265385533502e+00,1.187903165817260742e+00
-8.628537484779706945e-01,5.054536662618195342e-01,-5.327020347089247432e-01,-2.267716675996780396e-01
-8.748616720978584782e-01,4.843728467762608569e-01,5.093561384222778932e-01,-4.915544390678405762e-01
-9.400038544777293836e-01,3.411638221837299256e-01,1.288969822195715098e+00,-4.822884202003479004e-01
-9.938948329467632847e-01,1.103315958450955259e-01,1.675984602574688065e+00,1.949332594871520996e+00
-9.719348176812073747e-01,-2.352503138765137114e-01,2.559989353564183112e+00,1.614799499511718750e+00
-8.123031078970655017e-01,-5.832355106650900511e-01,2.481185603266826245e+00,1.574804067611694336e+00
-6.043150737814535489e-01,-7.967454371381842426e-01,1.691393375249720332e+00,-1.059249520301818848e+00
-5.854027587261135812e-01,-8.107426287520940189e-01,-6.223364519582665899e-01,-6.991469115018844604e-02
-7.819167415406922395e-01,-6.233828753650411114e-01,-2.375245856516665643e+00,5.464505404233932495e-03
-9.809788034246902377e-01,-1.941148815301469155e-01,-3.491251295342467920e+00,-1.709931373596191406e+00
-9.133056466412272645e-01,4.072748406337540761e-01,-4.252805759429627130e+00,-1.088934659957885742e+00
-5.492287660840809993e-01,8.356720424339669773e-01,-3.451845382047994182e+00,-1.417092561721801758e+00
-1.966175098438628088e-01,9.804802674316288602e-01,-2.064671532268370857e+00,-1.316675662994384766e+00
-5.108532129770729929e-02,9.986942925379668212e-01,-4.293246833569569487e-01,4.893914759159088135e-01
-2.309686694195017265e-01,9.729611882015566371e-01,2.031570491573821080e+00,1.829030156135559082e+00
-7.381668892288165695e-01,6.746181465438444436e-01,4.904731975888961593e+00,1.680881023406982422e+00
-9.828754728842566957e-01,-1.842710091212093060e-01,6.606611017610486414e+00,1.394281744956970215e+00
-4.056812907754397401e-01,-9.140146007120307781e-01,6.162744304946879303e+00,1.668413281440734863e-01
2.953340122318698913e-01,-9.553940659324955398e-01,4.063424823212189452e+00,1.294819474220275879e+00
6.912205221112935893e-01,-7.226438886562251973e-01,2.657334065390426936e+00,1.222777605056762695e+00
-9.999715708716598872e-01,-7.540387819259497006e-03,1.605388224852564213e-03,-1.930289005388700740e+00
-9.969561260544058667e-01,7.796462481530704036e-02,-8.403102065764718187e-01,-1.791381455389193578e+00
-9.666405621525984149e-01,2.561367283333427225e-01,-1.347448151460318266e+00,-1.640857951120670899e+00
-8.927681142546807225e-01,4.505164749153368065e-01,-1.359720039800214941e+00,-1.861247200716797279e+00
-7.988787131985580769e-01,6.014921459156520323e-01,-1.059948655483438973e+00,-1.951479304886599486e+00
-7.304339650149161978e-01,6.829833253840009721e-01,-5.112675014963141695e-01,-6.900676233282790895e-01
-7.610182663743947362e-01,6.487304511463222179e-01,7.120344199120394180e-01,1.947609692984639596e+00
-9.302951793727817220e-01,3.668117763046381263e-01,2.890426141816076377e+00,1.170942144577247879e+00
-9.858536414151695126e-01,-1.676084655035368909e-01,3.866404389202182657e+00,1.965927269256235288e+00
-7.175586137904135242e-01,-6.964981233105945746e-01,3.947321598942050702e+00,1.180618073474671625e+00
-3.221750869860922628e-01,-9.466801008395094863e-01,2.674443323111212578e+00,-1.044114369803180731e+00
-1.889109270652644945e-01,-9.819942268849355393e-01,2.937197980093209093e-02,5.164241595766336790e-01
-3.728041018248878791e-01,-9.279100719695516641e-01,-1.925995894381715479e+00,-8.432633678487829743e-01
-7.877551863235138230e-01,-6.159884466614662379e-01,-4.228146632701690777e+00,-8.695450970537857982e-01
-9.933103485506286079e-01,1.154753283703008060e-01,-5.508293620361531140e+00,-1.327532742787131070e+00
-5.927245090955797213e-01,8.054052745775905908e-01,-5.261577678221815546e+00,-1.466435161226650408e+00
2.386922835197191617e-02,9.997150893819105599e-01,-3.884756343772133302e+00,4.815708002575311841e-01
3.547811389715721520e-01,9.349493801431358886e-01,-1.461217441824389951e+00,1.136175549301810639e+00
3.158953374550534932e-01,9.487940428639705104e-01,1.141263312342792879e+00,1.381208956533583887e+00
-1.289536405490279980e-01,9.916506232485068351e-01,3.954831995737684736e+00,1.844727572413950911e+00
-8.500495095546672930e-01,5.267027921948673752e-01,6.811011670705039656e+00,1.009826236286405221e+00
-8.374065731109747723e-01,-5.465804893247960816e-01,7.654030666288742957e+00,1.284207286110101709e-01
3.367359764735253745e-03,-9.999943304280354273e-01,5.978093944387924630e+00,-1.973464759895297904e+00
5.582428520319873133e-01,-8.296775989233363680e-01,2.936533447124197949e+00,-1.599968228849407703e+00
7.051558274576130714e-01,-7.090523668972334992e-01,4.745337531688491595e-01,-4.295344181340229883e-01
6.237614653802714404e-01,-7.816147608039758499e-01,-1.339140195802202227e+00,1.648545055322555297e-01
2.913651942254925076e-01,-9.566118981038972402e-01,-3.153371299833081398e+00,1.688964876089110279e+00
-3.153447343186619456e-01,-9.489771854673285656e-01,-4.602779563195708690e+00,1.893441864169996380e+00
-9.004643272063144188e-01,-4.349298741508561550e-01,-5.592869447131350924e+00,-6.363046783171564247e-01
-8.908234671620857137e-01,4.543495904623667814e-01,-6.196065185558381039e+00,-9.856049172119165647e-01
-2.584346448739726076e-01,9.660287440489871980e-01,-5.123999539468111486e+00,-8.370777616512089514e-01
3.185633370150152133e-01,9.479015773327196248e-01,-3.286194274908144308e+00,1.813940361848684457e+00
5.039942037762504823e-01,8.637070351455655715e-01,-4.245727533806817888e-01,4.677949658737256405e-02
3.839092952336161657e-01,9.233708101479211061e-01,1.564260664942077828e+00,5.805516743557027626e-01
-7.990982879419544771e-02,9.968020963371226895e-01,3.984158381242437486e+00,1.630175652452748647e+00
-8.217656482148706365e-01,5.698256043861081865e-01,6.783232220859759742e+00,1.015102587325572792e+00
-8.611865976351830154e-01,-5.082889375675387900e-01,7.734879360755495981e+00,1.464164487744866461e-01
-2.229767489815411702e-02,-9.997513759401065458e-01,6.121204424782280995e+00,-1.908893619420420240e+00
5.567897594491802993e-01,-8.306534558842959548e-01,3.102446310697709819e+00,-1.416920792078490754e+00
7.275779644356379361e-01,-6.860250036752986169e-01,7.358377027060378772e-01,-5.274085585559087352e-01
-9.999016668078661851e-01,-1.402343448841547255e-02,9.078755943543261736e-03,-1.964300704336322312e+00
-9.973080649205711135e-01,7.332546381978001515e-02,-8.620767638858681803e-01,-1.742868622116606980e+00
-9.673174627199190301e-01,2.535683858786383360e-01,-1.355923807931025182e+00,-1.770621841398171803e+00
-8.906045921371741336e-01,4.547784740554216554e-01,-1.428411930493200366e+00,-1.990726454620193930e+00
-7.870497389885731110e-01,6.168895430772181054e-01,-1.169253110064400580e+00,-1.801974685667937059e+00
-7.129032789924091285e-01,7.012623722986077723e-01,-5.145194376916126799e-01,-4.686291594062612642e-01
-7.531563378837681233e-01,6.578415696089077169e-01,8.448580304939724561e-01,1.923923265446185304e+00
-9.332407114033136608e-01,3.592516869541980129e-01,3.021570453917114207e+00,4.016369377496342707e-01
-9.872316326614706261e-01,-1.592912535971990895e-01,3.637086590684466270e+00,1.763465889881597581e+00
-7.504297432808685331e-01,-6.609502253569551344e-01,3.669960829822013881e+00,4.063897785799637785e-01
-4.297567120535220608e-01,-9.029447205919896025e-01,2.138289527876839013e+00,-3.199418033586558761e-04
-3.244284443189441314e-01,-9.459102412580115971e-01,5.322715092883689714e-02,-3.944865401376704273e-01
-5.231538156545231244e-01,-8.522382795709855241e-01,-2.212591890844376685e+00,-1.994091335418208377e+00
-9.119698469022398113e-01,-4.102572343555995205e-01,-4.779670881312962472e+00,-1.839503048546971886e+00
-9.090849306802544216e-01,4.166108361649719649e-01,-5.931030870880776185e+00,-1.257740897201167884e+00
-3.170453862786056787e-01,9.484103663707234011e-01,-5.060847991844845239e+00,-1.270006517000349389e+00
2.715588288948759810e-01,9.624218422548624918e-01,-3.428488873517467894e+00,6.649442122116420162e-01
5.219984473016858750e-01,8.529464350207631718e-01,-1.058698844021126906e+00,-5.011930411084349890e-01
5.141844808150843882e-01,8.576796136605568943e-01,6.163873426797864541e-01,-1.367047538757248104e-01
2.531162724234387040e-01,9.674358648688106133e-01,2.559449081379334690e+00,1.594369611841099044e+00
-4.081843103471893275e-01,9.128995392628859173e-01,5.492148372399700662e+00,1.933205467894039575e+00
-9.978933266851356398e-01,6.487610158812831540e-02,7.932695627616669576e+00,8.529949728087954375e-01
-4.450599943284622162e-01,-8.955007545772081246e-01,7.502783693834506273e+00,-8.966083656240273481e-01
4.001584523628362033e-01,-9.164459684032549847e-01,4.943793239384590699e+00,-1.993657947888272330e+00
7.654979687638066022e-01,-6.434383108103575166e-01,2.201656540228392966e+00,6.081895162713909508e-01
8.889561840125986825e-01,-4.579922520149863896e-01,1.181788229217225261e+00,4.562814282692214674e-01
9.304122024562002657e-01,-3.665148476127572108e-01,4.405081719862961043e-01,7.424551523068145809e-02
9.258476941641663460e-01,-3.778968737776171594e-01,-3.412111408206052743e-01,3.203523912110127214e-01
8.709254439304748852e-01,-4.914151718399680235e-01,-1.115375252373492554e+00,1.311134063677441342e+00
7.377457520022369097e-01,-6.750786660846674891e-01,-1.759474350832790357e+00,1.983619626790803947e+00
4.730722608537166751e-01,-8.810236296551603452e-01,-2.541844977385010029e+00,1.711784348630711161e+00
-1.807673831240262652e-02,-9.998366024166073229e-01,-3.876441386637685227e+00,1.570239208046529278e+00
-6.797986478604443050e-01,-7.333987989948658193e-01,-5.313250301266585929e+00,3.406579696191328055e-01
-9.961887348670558362e-01,8.722387588255141322e-02,-6.258665214685259492e+00,-1.205610023006095766e+00
-5.265547988500188792e-01,8.501411905136794234e-01,-5.945581596022687876e+00,-1.018080988248452945e+00
1.770071185894874499e-01,9.842095711628936483e-01,-4.296143570833931058e+00,7.528604170940698115e-01
5.430634935084308612e-01,8.396916350770790016e-01,-1.850022364256454832e+00,2.959425587299676641e-01
6.081151811442234711e-01,7.938488057948618337e-01,1.105256757230995701e-01,-8.284121829845206841e-01
4.729989257657977730e-01,8.810630035499171786e-01,1.572417959298917811e+00,4.206014069929167598e-01
3.251324535508557517e-02,9.994713046788686883e-01,3.850660458410093412e+00,1.668925881150603141e+00
-9.998244582323148055e-01,-1.873640094730275735e-02,1.175256429036376478e-03,-1.999841171448424770e+00
-9.973815805808646795e-01,7.231861944213339999e-02,-8.943823237211614430e-01,-1.383826283200332075e+00
-9.702529449164424280e-01,2.420934176737791210e-01,-1.233145942031477205e+00,-1.293602594605220757e+00
-9.113071173690369120e-01,4.117272614638681771e-01,-1.137751866322457062e+00,-1.645686398377365300e+00
-8.422367465217983629e-01,5.391078396836536113e-01,-8.472012055744971848e-01,-1.998047713029407424e+00
-7.895884788544466071e-01,6.136367280894463594e-01,-4.682535983504466648e-01,-1.489125461112355664e+00
-7.907068262212094689e-01,6.121949975025784418e-01,2.556031469814101786e-01,5.692220096521964923e-01
-8.948014421350174441e-01,4.464643089353202421e-01,1.799762365665037889e+00,1.687061355575431465e+00
-9.994206135067584817e-01,3.403582374167532509e-02,3.294417697958680336e+00,3.614387870762645477e-02
-9.026850150887941737e-01,-4.303019446088333644e-01,3.020119731229598870e+00,1.253222203061307605e+00
-6.679249307022774307e-01,-7.442286523282732880e-01,2.349010902610809470e+00,1.940822359492489158e+00
-4.514211194473902178e-01,-8.923110292475741057e-01,1.413349120295826822e+00,6.967475472295033834e-01
-4.150896401659762147e-01,-9.097805178321199948e-01,-3.124557436239642216e-01,-1.144574307285737058e+00
-6.641104256076828527e-01,-7.476344979996457640e-01,-2.797571174258463689e+00,-1.283963688909081524e+00
-9.758881098142593302e-01,-2.182713841142538413e-01,-4.730682803898657696e+00,-1.120859378578755283e+00
-8.518816826896784544e-01,5.237342825305615346e-01,-5.157077012228890922e+00,-1.871802385092646404e+00
-3.022681506492348458e-01,9.532229356782658813e-01,-4.418898443194817283e+00,-1.331930506171416839e+00
1.952286863874295453e-01,9.807577478722453446e-01,-2.809216168649410594e+00,1.499698962015190373e+00
3.266286671503174088e-01,9.451527462773449129e-01,2.864265919948105754e-02,1.360755243623148703e+00
5.208176689691850630e-02,9.986428238148487013e-01,2.805618468880656913e+00,1.575564725295452106e+00
-6.140319205276157932e-01,7.892811923346252367e-01,5.704151129826525057e+00,1.996970995643403413e+00
-9.849486487596436080e-01,-1.728472137656609509e-01,7.765355129561698710e+00,8.771448814194959809e-01
-2.786963158775869753e-01,-9.603792810740245933e-01,7.026364358754443984e+00,-3.352950783027407455e-01
5.121033156329625191e-01,-8.589238581607373524e-01,4.689740751174960920e+00,-1.759700727733733316e+00
8.333690163226410430e-01,-5.527170004925068270e-01,2.212163210014181924e+00,-3.739908118014462213e-01
9.270327592513460946e-01,-3.749803505183116337e-01,9.565640053436028634e-01,1.223739323646353627e+00
9.652835704673077277e-01,-2.612041894493389305e-01,7.519085101567418716e-01,4.516095784017707948e-01
9.828288500421842322e-01,-1.845195152951519812e-01,4.317286268947830297e-01,2.787623359826375546e-01
9.891450754276119861e-01,-1.469422327219231383e-01,1.760318368438580083e-01,2.771536378867301420e-01
9.900781509673063363e-01,-1.405178101777837252e-01,-2.031127776612112745e-02,3.967707775168691220e-01
9.874850604399959542e-01,-1.577125721298638095e-01,-1.670907255373214328e-01,6.203036798169710986e-01
9.815306450124856585e-01,-1.913049735406106844e-01,-2.653393838549076289e-01,9.246234069536425348e-01
9.723419248757887434e-01,-2.335619428092814143e-01,-3.099931499333262175e-01,1.263473360932357625e+00
9.610341508453396075e-01,-2.764296672012195866e-01,-2.990554042228758536e-01,1.567201483831237807e+00
9.496982654579350092e-01,-3.131664167598267601e-01,-2.443716151126733849e-01,1.778901276194009728e+00
9.403772098683620406e-01,-3.401333608457050572e-01,-1.702540121382464799e-01,1.893208707409218761e+00
9.341645768722657284e-01,-3.568424628839185764e-01,-9.769539258772790002e-02,1.942102037174370466e+00
9.312688931812305171e-01,-3.643326070955025808e-01,-3.367703590693392479e-02,1.955697788424053840e+00
9.316035039865158129e-01,-3.634761496440251372e-01,2.590237194878426338e-02,1.945226535545432345e+00
9.351880528982350338e-01,-3.541515293153593702e-01,8.888737489981610174e-02,1.901039260029427691e+00
-9.999774354276496080e-01,-6.717785017459040713e-03,7.712254629659102620e-03,-1.972284609681886902e+00
-9.968298014350250869e-01,7.956347762012737357e-02,-8.510850925902637698e-01,-1.487430998824910588e+00
-9.692682154415027673e-01,2.460063546635424536e-01,-1.223537959770300665e+00,-1.360799838233418546e+00
-9.093400205661494873e-01,4.160537549364924370e-01,-1.149748449612612688e+00,-1.700698367174670045e+00
-8.379229735486323216e-01,5.457885033595137880e-01,-8.726615166483472352e-01,-1.998671861025211216e+00
-7.832859675098630126e-01,6.216615583274694989e-01,-4.776206889096129560e-01,-1.542721920261539204e+00
-7.832076396091145476e-01,6.217602377588321572e-01,2.411111962056497193e-01,5.412833850079233899e-01
-8.887762127435874238e-01,4.583414051350427343e-01,1.795958802701747237e+00,1.164568335176198843e+00
-9.976866707073352991e-01,6.798019632888052666e-02,3.093931957043715819e+00,-2.350171101750821862e-02
-9.260567819439978754e-01,-3.773842029226008310e-01,2.887484431538417162e+00,1.170718911400701501e+00
-7.180332774012070374e-01,-6.960087733243606190e-01,2.297901871260399354e+00,1.910626857538571866e+00
-5.114166338342996943e-01,-8.593328962850158570e-01,1.445896581651551216e+00,8.281362437964184808e-01
-4.608269841751192475e-01,-8.874899946794129191e-01,-1.557860274450076910e-01,-1.711539022161110868e+00
-6.990148221524805638e-01,-7.151071796668916347e-01,-2.842814128158153153e+00,-1.906318051815050874e+00
-9.892834943670743009e-01,-1.460074236909579271e-01,-4.956978150840426700e+00,-1.140623844014700738e+00
-8.007937831322470279e-01,5.989401613656775147e-01,-5.214234855601638685e+00,-1.050669126295322275e+00
-2.555605396009864028e-01,9.667930546910505907e-01,-3.982982052824884711e+00,-1.706777350679604052e-02
1.186022751813997633e-01,9.929418413591983850e-01,-1.769325364530561551e+00,8.210125655623011776e-01
1.243273487274804412e-01,9.922412561259461583e-01,8.244845122825732453e-01,5.583569564567184562e-01
-2.455460964019944292e-01,9.693849155736551371e-01,3.316728513096526942e+00,1.198243078147123608e+00
-8.437123735319794759e-01,5.367955204256398272e-01,5.822548072092167182e+00,1.766438323798771748e+00
-8.957442741929654284e-01,-4.445696742362412190e-01,7.121550273560921518e+00,9.071280483518930904e-01
-1.387362004897697842e-01,-9.903293728218215408e-01,5.975505297256511028e+00,2.602355265970143772e-01
5.208340006722020910e-01,-8.536579781995764504e-01,3.901837124970800819e+00,-8.316480352691105749e-01
7.938455150957670625e-01,-6.081194768812591134e-01,1.808006108021488645e+00,9.317730697310682153e-01
8.922070310394978332e-01,-4.516266309283416547e-01,9.893637793902413380e-01,1.330872500867985808e+00
9.371853535332197449e-01,-3.488317834183318200e-01,6.550610713359774628e-01,1.061317390488724977e+00
9.596537131848859037e-01,-2.811845493096317150e-01,4.035583134821090212e-01,9.447113834133349375e-01
9.706355368786443449e-01,-2.405548888472356650e-01,2.301813740001084352e-01,9.042733355521807015e-01
9.757750172602690508e-01,-2.187764056993387329e-01,1.147498113785035689e-01,9.098101178080280071e-01
9.778140750333061959e-01,-2.094746635437323146e-01,4.059562188065423544e-02,9.429311208014672374e-01
9.781365969171792463e-01,-2.079634529701784584e-01,-4.201609998224350648e-03,9.900126277765587401e-01
9.775143049233084858e-01,-2.108691150223311883e-01,-2.818763344025242146e-02,1.040780494857427296e+00
9.764335361538377667e-01,-2.158183251582499185e-01,-3.772969464186500671e-02,1.087897725130230198e+00
9.752251918129183350e-01,-2.212144327422077283e-01,-3.776549996694005679e-02,1.126771200924811200e+00
9.741106755036537113e-01,-2.260716520703456578e-01,-3.218525151063736378e-02,1.155272895513695941e+00
9.732194088645842456e-01,-2.298781899382129623e-01,-2.399185643543078408e-02,1.173286429409801768e+00
9.726028090552780725e-01,-2.324731722538804224e-01,-1.536921837811196234e-02,1.182126648734477481e+00
9.722525263002254059e-01,-2.339338049595004743e-01,-7.742452455596484512e-03,1.183926394928761727e+00
9.721220459715034234e-01,-2.344754309862296104e-01,-1.869026477643621897e-03,1.181077166580593030e+00
-9.997796614743089672e-01,-2.099115295347264709e-02,2.867166830403943510e-03,-1.992849825020494237e+00
-9.975459519069970193e-01,7.001481153272558211e-02,-8.947100364600188982e-01,-1.441884720659798669e+00
-9.700662137743552016e-01,2.428405668200578349e-01,-1.263186000706461032e+00,-1.417082398985276326e+00
-9.070184763550594997e-01,4.210908257734267135e-01,-1.216069754457044905e+00,-1.753933349125641472e+00
-8.289078264562762532e-01,5.593852118527373740e-01,-9.449832727687148548e-01,-1.999975937957504168e+00
-7.682328036332808363e-01,6.401705705683047309e-01,-5.154813997586374930e-01,-1.477109128050580589e+00
-7.690884617253894717e-01,6.391423456796413438e-01,2.746700795913488147e-01,7.148614800658159574e-01
-8.859879006422706205e-01,4.637083565297288046e-01,1.940305820594766306e+00,8.087968013492067287e-01
-9.977042280276386954e-01,6.772203021006849288e-02,3.082510480565598954e+00,-3.103268474585377801e-01
-9.312278101286849408e-01,-3.644376018510354642e-01,2.753938882371922414e+00,9.468512795288768213e-01
-7.454550592452748869e-01,-6.665558901139676529e-01,2.106005005921013584e+00,1.832647338982094087e+00
-5.665572824524736095e-01,-8.240223575243987852e-01,1.291252757352393088e+00,9.468713754122369819e-01
-5.263210815482334270e-01,-8.502859043391803873e-01,-1.766679495576893855e-01,-1.730785241778970862e+00
-7.475870345227780822e-01,-6.641638546423905831e-01,-2.779843436847096338e+00,-1.801539574479284145e+00
-9.948001292515403771e-01,-1.018464670036159370e-01,-4.729049898313269829e+00,-1.248155937581168384e+00
-7.965147688885976240e-01,6.046190725922759857e-01,-4.963983946508437661e+00,-1.165005730883350799e+00
-2.800623732958716916e-01,9.599818055900246616e-01,-3.787449710044725304e+00,-1.553945706930532078e-01
7.132103008657865451e-02,9.974534127804612904e-01,-1.643697360685917985e+00,6.157726739086797352e-01
6.615660465578199201e-02,9.978092521421209060e-01,8.723113269520493818e-01,5.067501477189927384e-01
-3.067664509211958657e-01,9.517848205288911290e-01,3.340731410539589774e+00,1.601714283150691642e+00
-8.835581254414246466e-01,4.683215123891232845e-01,5.953921169459187368e+00,1.782761246946325873e+00
-8.559483791163907673e-01,-5.170612848473800094e-01,7.084945804260928348e+00,9.481521959464366267e-01
-7.316403374327426490e-02,-9.973199206706006015e-01,5.842705216919565459e+00,-6.445936316714805103e-02
5.478000273570525769e-01,-8.366093054871027723e-01,3.636557264568681891e+00,-1.071152185433475124e+00
7.841124418932883255e-01,-6.206187867508882183e-01,1.457253346410031458e+00,1.993947919168093108e+00
8.808266637599557747e-01,-4.734388961729969481e-01,1.072523665183591657e+00,1.662229952604649119e+00
9.367193924747335698e-01,-3.500811045483119832e-01,8.505143626041045124e-01,9.249075614598581963e-01
9.658091184804734608e-01,-2.592542124247373958e-01,5.529063152395122804e-01,7.164623764858664146e-01
9.796384743222549263e-01,-2.007696680964646818e-01,3.403030870277825581e-01,6.228197525253124089e-01
9.862129458264694559e-01,-1.654811937480429318e-01,1.983922878192196926e-01,5.810680145786617512e-01
9.892976283011204464e-01,-1.459116261227256517e-01,1.043232097939070790e-01,5.755491957629824684e-01
9.906095751043060282e-01,-1.367211384960870524e-01,4.331726951640851864e-02,5.933609508561205059e-01
9.909663652130298317e-01,-1.341106372234355248e-01,5.564624544671024214e-03,6.243111859110118678e-01
9.907953304439826026e-01,-1.353684349115379937e-01,-1.565683859117520879e-02,6.603615944154936912e-01
9.903528261504610519e-01,-1.385686823773494836e-01,-2.521046607974985684e-02,6.953961712054809174e-01
9.898117017878761414e-01,-1.423825656595235634e-01,-2.684748855093419331e-02,7.252078384341532624e-01
9.892910573862853107e-01,-1.459561707346609949e-01,-2.359205234230432602e-02,7.474981175822859036e-01
9.888646144939955418e-01,-1.488179229852426566e-01,-1.787912717393809123e-02,7.617230429909928047e-01
9.885653807143144345e-01,-1.507928647289468460e-01,-1.156155657147674848e-02,7.687221871565663722e-01
9.883934463025881856e-01,-1.519157506846891825e-01,-5.890858949904086497e-03,7.701851348037800360e-01
-9.999514720057208761e-01,-9.851580258619176828e-03,3.655390281180763683e-03,-1.988263572279286517e+00
-9.969226451711371562e-01,7.839157827842851978e-02,-8.682265593160243267e-01,-1.535183251146131855e+00
-9.683744223827523978e-01,2.495014590636107088e-01,-1.261733856518000296e+00,-1.500688582583908692e+00
-9.032427237758433591e-01,4.291300291822929824e-01,-1.236650143442222349e+00,-1.823468882573347605e+00
-8.214766788806578957e-01,5.702421117869184153e-01,-9.767632713811658096e-01,-1.994596030694104405e+00
-7.584375902552235038e-01,6.517456725501518111e-01,-5.193545232072247497e-01,-1.438771897382850051e+00
-7.616822835354918331e-01,6.479506917568331748e-01,3.126188754412769777e-01,6.180094410263774485e-01
-8.821045413536402480e-01,4.710536892152358268e-01,1.952819388581549909e+00,1.125430424096051985e+00
-9.982713622991165048e-01,5.877318447613749663e-02,3.245964132871318242e+00,-2.026819738389460390e-01
-9.178859035385364962e-01,-3.968443877456809821e-01,2.926777679061672188e+00,9.343734277439295077e-01
-7.093973290386341723e-01,-7.048087893555612382e-01,2.192588910726792406e+00,1.784994338089752164e+00
-5.202828334011533329e-01,-8.539940124310402281e-01,1.275452578733343723e+00,7.925590603636945009e-01
-4.922585341920913127e-01,-8.704490424574282681e-01,-3.218292304760124178e-01,-1.104147087634916202e+00
-7.194918632123433744e-01,-6.945008702451210825e-01,-2.690820789449675399e+00,-1.999847638916554482e+00
-9.901899669956205630e-01,-1.397276968292680277e-01,-4.808861489574247194e+00,-1.776480483262399934e+00
-7.937962573538948075e-01,6.081837730579049417e-01,-5.341313994334638160e+00,-1.117755531407007341e+00
-2.250931428512126797e-01,9.743372501559014465e-01,-4.116873177622021984e+00,1.816677051376666352e+00
8.673147809601261526e-02,9.962317254069360528e-01,-1.070939862469050707e+00,1.262857627150466122e+00
-3.353522276580644945e-02,9.994375362342799995e-01,1.740168122754952584e+00,6.535748447992596466e-01
-5.191413110947139531e-01,8.546884222422000965e-01,4.232420694871969147e+00,9.820291027001533113e-01
-9.838977642206077068e-01,1.787321727101460755e-01,6.192061204692259402e+00,1.964838603931252869e+00
-6.758846172466823621e-01,-7.370074519089381271e-01,6.743271706649680119e+00,8.064730922895466669e-01
1.170192436774937922e-01,-9.931296474323718648e-01,5.127887283564388277e+00,-1.820908782365699419e-01
6.155667748299631370e-01,-7.880847325798396863e-01,2.940489703134203658e+00,-1.902124986361495851e-01
8.012201369681325458e-01,-5.983696951858163970e-01,1.244908812258088027e+00,1.999961938202730716e+00
8.810265074363903270e-01,-4.730669013939107770e-01,8.968638192064563031e-01,1.818459650317159726e+00
9.295986886338591937e-01,-3.685733008374444952e-01,7.310539687120144459e-01,1.262153238613494155e+00
9.583775352199539466e-01,-2.855039404031507466e-01,5.354575163791488457e-01,9.171490723518457289e-01
9.738996235867899420e-01,-2.269791249818114143e-01,3.533541208673221523e-01,7.835713536429391723e-01
9.820691068988274264e-01,-1.885212700862675950e-01,2.267589997512578226e-01,7.073831030641137829e-01
9.864401366878672306e-01,-1.641214694402342855e-01,1.410517314681609957e-01,6.649716802101320878e-01
9.887894640722465489e-01,-1.493164282311879865e-01,8.338481145674343786e-02,6.453924034084327355e-01
9.900139995586177966e-01,-1.409690770273721305e-01,4.497037367483667364e-02,6.410387091499368806e-01
9.905866365678772656e-01,-1.368872362681791965e-01,1.989417718884016820e-02,6.463169492890020740e-01
9.907724897278020748e-01,-1.355355067817001768e-01,4.127597869061271942e-03,6.570888984671948707e-01
9.907310657270662624e-01,-1.358379748204144866e-01,-5.134752930037579308e-03,6.703332132482587857e-01
9.905646472797087210e-01,-1.370462679522003457e-01,-9.898872446088691560e-03,6.839209951061938630e-01
9.903413526943668499e-01,-1.386506586478825631e-01,-1.163470876972216850e-02,6.964522952212558460e-01
9.901064639567015435e-01,-1.403181742724614323e-01,-1.143544170432300028e-02,7.071195081061344423e-01
9.898885653900830750e-01,-1.418471998664876943e-01,-1.011269976660360455e-02,7.155795361855643577e-01
-9.997909251248900953e-01,-2.044764137783331576e-02,8.273132277758497508e-03,-1.999684967542488812e+00
-9.975492813065766073e-01,6.996735928082802036e-02,-8.916656325195346788e-01,-1.498210886198314551e+00
-9.695821411899225861e-01,2.447661567406021477e-01,-1.284685357172708597e+00,-1.569914712240229715e+00
-9.021927403388912969e-01,4.313331186911130710e-01,-1.296871226551712608e+00,-1.883273876871023100e+00
-8.138574662666046011e-01,5.810645614749729848e-01,-1.052431484556469954e+00,-1.976185700008308732e+00
-7.445771608896128990e-01,6.675364046114364847e-01,-5.578316279387438570e-01,-1.304850415943652475e+00
-7.504055814712544681e-01,6.609776571842564952e-01,3.693534536036026106e-01,8.505585826976591601e-01
-8.840203637064700803e-01,4.674483891856728857e-01,2.134248100564534401e+00,8.363778663624420462e-01
-9.991081673111691375e-01,4.222404542576277398e-02,3.275956176864630365e+00,-4.157890512147869866e-01
-9.146946158875616240e-01,-4.041457158826579632e-01,2.827285994527935831e+00,1.048109170619093478e+00
-7.114277176504179012e-01,-7.027592778176018351e-01,2.136564588572976930e+00,1.849306526258527983e+00
-5.269040041150083731e-01,-8.499248028193854276e-01,1.255291156063455205e+00,9.429555511206643148e-01
-4.950298169334577114e-01,-8.688759867477218179e-01,-2.663493436170575324e-01,-1.325956093130498781e+00
-7.226302646953948194e-01,-6.912347651458682352e-01,-2.732005110204014375e+00,-1.669571286884858452e+00
-9.895077612652830590e-01,-1.444797231301595541e-01,-4.695895745418046552e+00,-1.706089056636804990e+00
-8.075639807659807934e-01,5.897799733539641487e-01,-5.220077650457684904e+00,-1.376881966886174258e+00
-2.501097736780584779e-01,9.682174864722855601e-01,-4.147298779116898260e+00,1.640969983833984402e+00
7.430020817525670451e-02,9.972359194619463407e-01,-1.186098432069639941e+00,1.114406713535588178e+00
-2.220405656293559724e-02,9.997534595449769634e-01,1.559249224768911368e+00,7.609898499295048024e-01
-4.906044789445018206e-01,8.713823760207649594e-01,4.108669215170486666e+00,1.458209945864059165e+00
-9.790403213046883213e-01,2.036665148216875998e-01,6.334943620547623055e+00,1.947699390843702361e+00
-6.761382233078020443e-01,-7.367747980096555072e-01,6.916053218503956934e+00,6.322439229504664970e-01
1.343597700445726129e-01,-9.909326173830234064e-01,5.219003654697735861e+00,-5.653026619342540471e-01
6.273048956353407535e-01,-7.787737591315813113e-01,2.872596748989985294e+00,-2.124451077686366207e-01
8.046294201467841800e-01,-5.937773119901516017e-01,1.185229645175322366e+00,1.999912206113132251e+00
8.798267544449713817e-01,-4.752945214946496244e-01,8.425440059570645790e-01,1.860923842109216686e+00
9.260148847703428832e-01,-3.774869973704639281e-01,6.857620472260426148e-01,1.401209344685892644e+00
9.547750662564133961e-01,-2.973290649348988568e-01,5.296076162635255935e-01,1.034864958618243680e+00
9.714444866182172511e-01,-2.372669581274819695e-01,3.743417903718103124e-01,8.658812823547797910e-01
9.809500880610876328e-01,-1.942599411431609469e-01,2.645822175997988301e-01,7.542879933091510836e-01
9.865958944674000364e-01,-1.631825389558294592e-01,1.916935749135099398e-01,6.684486438237867700e-01
9.901361887979827081e-01,-1.401082711070463505e-01,1.435898124071045279e-01,5.987226836921195616e-01
9.924842234697147658e-01,-1.223726528425257837e-01,1.116844415696069959e-01,5.398629187318734202e-01
9.941272965300187447e-01,-1.082169963264370399e-01,9.029169594303732005e-02,4.886099683319625187e-01
9.953338740904092985e-01,-9.649082385479545998e-02,7.572013512122369172e-02,4.428740778967120706e-01
9.962569357721465790e-01,-8.644141325714779778e-02,6.560079765833734533e-02,4.012733727056604915e-01
9.969867411726329731e-01,-7.757214658608627134e-02,5.842622426679449504e-02,3.628511223465312185e-01
9.975784832475914632e-01,-6.954976463968040590e-02,5.324149295440225305e-02,3.269076594251369428e-01
9.980671405647253414e-01,-6.214485437228687431e-02,4.944126775121231165e-02,2.929037537159203675e-01
9.984756382385684415e-01,-5.519420118167701894e-02,4.663937136426319491e-02,2.604054271715360303e-01
-9.996647407659430273e-01,-2.589220093696011429e-02,6.077418473858509952e-03,-1.997923181879881716e+00
-9.978226650767705319e-01,6.595399198752947834e-02,-9.045084807915648728e-01,-1.439957701082930308e+00
-9.705196940185073506e-01,2.410218320447816975e-01,-1.279718573372767176e+00,-1.573307361699219697e+00
-9.037462039864125884e-01,4.280686846525327827e-01,-1.301741773758003262e+00,-1.926171290986812723e+00
-8.140534895290945094e-01,5.807899070967955657e-01,-1.082126471828287251e+00,-1.923281393701665953e+00
-7.434539894303899832e-01,6.687870854016527700e-01,-5.626536416086029835e-01,-1.145478401090183951e+00
-7.536374234637079894e-01,6.572903726322055773e-01,4.367116458938561929e-01,8.733875994830265777e-01
-8.908267492408276089e-01,4.543431553759995634e-01,2.196963855558447865e+00,9.546942999464512747e-01
-9.998669191253056754e-01,1.631392162754002895e-02,3.352937387938466962e+00,-4.288260599957313124e-01
-9.018388291202317220e-01,-4.320725937745294454e-01,2.835848080587821674e+00,1.111007037131893416e+00
-6.908148622842300579e-01,-7.230316909010421345e-01,2.115747455444718650e+00,1.848612968163957371e+00
-5.083658028026383224e-01,-8.611412256655868180e-01,1.195595907853009621e+00,1.036899436288902354e+00
-4.822122635228001108e-01,-8.760544120705160420e-01,-3.050320921349378711e-01,-1.361531127957613441e+00
-7.186276167934142478e-01,-6.953951023567952472e-01,-2.801290506065233110e+00,-1.749398341601247964e+00
-9.907220236167220140e-01,-1.359039069371711372e-01,-4.802884358972872469e+00,-1.746783653748328335e+00
-7.932585577235587992e-01,6.088849321492028066e-01,-5.315206233684993009e+00,-1.012582861210975071e+00
-2.326101057569961716e-01,9.725700687866756233e-01,-4.044785479388345983e+00,1.512298990843559121e+00
8.215095482288434225e-02,9.966198977652857005e-01,-1.137483556824646858e+00,1.520371029670414931e+00
-3.980760110251325978e-02,9.992073633107710906e-01,1.790164072802541639e+00,5.349766462276376311e-01
-5.261396107244631359e-01,8.503982067400603917e-01,4.225766167718978394e+00,1.688849090460929681e+00
-9.898464453754133308e-01,1.421408265687898465e-01,6.478065927229984311e+00,1.994051749148487263e+00
-6.215387320314436082e-01,-7.833834339483732867e-01,6.937781949725565944e+00,3.701428868506810299e-01
1.894665891373391864e-01,-9.818871684672647593e-01,5.063854295123612737e+00,-6.794685659743898709e-01
6.507983932000089844e-01,-7.592505853855409104e-01,2.701457127896092381e+00,-6.546525500163739852e-02
8.137474430873857800e-01,-5.812186325890988936e-01,1.118668409495785276e+00,1.984735874939042022e+00
8.833069466315472962e-01,-4.687950917324678057e-01,7.928278708227880500e-01,1.830735041424163212e+00
9.259014345170382132e-01,-3.777651830956510470e-01,6.322659148804735674e-01,1.482788733677333326e+00
9.532792554564232246e-01,-3.020904849816481996e-01,5.081656829846131762e-01,1.145598721087274452e+00
9.704061151781523398e-01,-2.414787187825181980e-01,3.914956453467722808e-01,9.262351709916192277e-01
9.809854594474075595e-01,-1.940812416302994114e-01,3.021627325783108331e-01,7.675630800386913366e-01
9.876759343054588580e-01,-1.565127751777435350e-01,2.401820057320785406e-01,6.365420941438333369e-01
9.920587518222693246e-01,-1.257753272022816837e-01,1.982462526550941573e-01,5.218083574922780521e-01
9.950190209139950781e-01,-9.968524474241236000e-02,1.700714957707510910e-01,4.178851345689494345e-01
9.970525925157955882e-01,-7.672110372987975269e-02,1.512934286458795796e-01,3.213572335288538140e-01
9.984408320957663951e-01,-5.582029025286036616e-02,1.390607872911470422e-01,2.297825416737802606e-01
9.993438382354987715e-01,-3.622006323491516050e-02,1.315680414515349173e-01,1.412428555260746288e-01
9.998495393184403390e-01,-1.734643262180129986e-02,1.277064512375692962e-01,5.411173005132967340e-02
9.999992046540964186e-01,1.261226060033917998e-03,1.268318480950700877e-01,-3.308336036095924082e-02
9.997999421390056929e-01,2.000189238149605378e-02,1.286205341778503819e-01,-1.217555626601315444e-01
9.992294124648337661e-01,3.925023904619166087e-02,1.329869494094257365e-01,-2.133346729990597546e-01
