-9.998207123043275635e-01,-1.893523824162574032e-02,5.448831829968968886e-03,6.290637254714965820e-01
-9.990749964734463306e-01,-4.300176068003851160e-02,2.334105830068004539e-01,-1.338077068328857422e+00
-9.999632698500264816e-01,-8.570819729933039713e-03,-4.567977473842348424e-01,1.387764930725097656e+00
-9.999978180317389276e-01,-2.089002575650901038e-03,1.691825046388707732e-01,1.318147540092468262e+00
-9.965382462413290288e-01,-8.313557468530730077e-02,7.097206760106337109e-01,-2.979118824005126953e-01
-9.882688215486920003e-01,-1.527243803548064272e-01,3.260200652378798525e-01,9.850458502769470215e-01
-9.781354232173370411e-01,-2.079689732807301350e-01,3.850863996570689229e-01,-2.100937962532043457e-01
-9.780470597944894706e-01,-2.083841376577265925e-01,-1.919710323779868222e-01,-1.184385299682617188e+00
-9.963556957075520026e-01,-8.529553113217618054e-02,-1.124025779355951826e+00,-1.490835785865783691e+00
-9.874698966382543519e-01,1.578074878870938391e-01,-1.819400242922280198e+00,1.699583679437637329e-01
-9.300152132959481621e-01,3.675210239402529888e-01,-1.211749141316185607e+00,-3.070851266384124756e-01
-8.856391466332350637e-01,4.643740969851301581e-01,-4.308567267946945556e-01,-3.747774064540863037e-01
-8.962705196827073229e-01,4.435077852165503209e-01,4.493024294308198274e-01,-1.379498958587646484e+00
-9.364276361530481374e-01,3.508607733116008709e-01,7.641081318018766444e-01,-1.741805672645568848e-01
-9.837976769421730161e-01,1.792822658357034193e-01,1.360864919004189710e+00,-1.215080380439758301e+00
-9.999999990141827944e-01,4.440309126202100640e-05,1.074617145135886132e+00,-1.423941850662231445e+00
-9.958544211102510202e-01,-9.096137617234457962e-02,3.463530894731891574e-01,-1.432346820831298828e+00
-9.983080904850278881e-01,-5.814599274358771969e-02,-4.992936606078743900e-01,-7.719817012548446655e-02
-9.995780147423398709e-01,2.904810568285890945e-02,-6.012370434821554532e-01,1.524562120437622070e+00
-9.991197333558239357e-01,4.194947459727240563e-02,1.797268108036549350e-01,-1.755132079124450684e+00
-9.964971532189913495e-01,8.362669206925582577e-02,-5.012354108738344971e-01,1.714260697364807129e+00
-9.980657649227312467e-01,6.216694370164425193e-02,4.664666640688015509e-01,1.659587383270263672e+00
-9.959328884092580880e-01,-9.009817858753990660e-02,1.257476129744848903e+00,1.526476263999938965e+00
-9.503187276168423292e-01,-3.112785182769697290e-01,1.579982672122859144e+00,5.990557074546813965e-01
-8.772241930048908509e-01,-4.800809465151871791e-01,1.005556550704771235e+00,1.562835574150085449e+00
-8.205344306011007616e-01,-5.715971030351075788e-01,5.484604856407814255e-01,-2.231603413820266724e-01
-8.513435654481193993e-01,-5.246085527039028307e-01,-8.316683945067531170e-01,-1.611251354217529297e+00
-9.694932026674978331e-01,-2.451181959413009648e-01,-2.571347990606625444e+00,-1.997986316680908203e+00
-9.664437525078470870e-01,2.568783238004933578e-01,-3.668113632575632721e+00,1.987228512763977051e+00
-8.010933682410161794e-01,5.985394016773362136e-01,-1.885962240216337404e+00,-6.451788544654846191e-01
-6.890192859734013409e-01,7.247430051795631378e-01,-7.088664919767591055e-01,1.856164932250976562e-01
-7.346754848433454388e-01,6.784186996023880978e-01,1.001059258509841676e+00,-1.148160219192504883e+00
-8.763182565735931906e-01,4.817326158729738905e-01,1.885620647774485015e+00,1.500018000602722168e+00
-9.980922464660367810e-01,6.174032348781594709e-02,3.370657396649150872e+00,4.534158110618591309e-02
-9.071368701380212451e-01,-4.208357147821399913e-01,3.150483938633534375e+00,2.933079600334167480e-01
-6.912876348568732787e-01,-7.225796882655851627e-01,2.071461722701834152e+00,4.583152011036872864e-02
-5.809598433238146731e-01,-8.139322210388090229e-01,3.676892544777219385e-01,-9.220914840698242188e-01
-7.081117965484007293e-01,-7.061003353553914064e-01,-1.835762611187254700e+00,-1.788514494895935059e+00
-9.594640520449606580e-01,-2.818310359656386876e-01,-3.974711324275149948e+00,4.921339452266693115e-01
-9.487954158501930024e-01,3.158912136506161761e-01,-3.931244473637184544e+00,-1.917198419570922852e+00
-9.999055086286136040e-01,-1.374677468184748799e-02,8.917730007820798277e-03,-1.971490740776062012e+00
-9.972673747441284098e-01,7.387681145633048785e-02,-8.647036138055834709e-01,4.451969563961029053e-01
-9.869497487432199456e-01,1.610285485735219457e-01,-4.206486643968309069e-01,1.698921084403991699e+00
-9.936771371482956416e-01,1.122753183418658679e-01,6.972052131148950282e-01,1.044218420982360840e+00
-9.983803836162947754e-01,-5.689120854912489006e-02,1.306795750708527271e+00,5.432291626930236816e-01
-9.677693249551658772e-01,-2.518383085946664934e-01,1.273352299190088077e+00,-6.748996376991271973e-01
-9.386638145673266154e-01,-3.448336457219851048e-01,3.087216323969484422e-01,1.551993727684020996e+00
-9.254023059028720910e-01,-3.789862427973435532e-01,2.027473137937693681e-01,-1.714565515518188477e+00
-9.663942168253272236e-01,-2.570646177258987253e-01,-1.367355493565630686e+00,4.980718493461608887e-01
-9.995357111267697547e-01,-3.046903645182466938e-02,-1.555535320315224457e+00,-4.652167260646820068e-01
-9.762787950073927856e-01,2.165172381564876292e-01,-1.647200194124305517e+00,1.101535320281982422e+00
-9.365416040657511543e-01,3.505564488836993009e-01,-5.347669034434207047e-01,2.426175028085708618e-01
-9.402352831582131421e-01,3.405254943530583445e-01,3.771420676359830693e-01,1.595376133918762207e+00
-9.888377913706044575e-01,1.489960481264681891e-01,1.751043820963788189e+00,1.827574491500854492e+00
-9.775420352989704353e-01,-2.107405258215575006e-01,2.657696517438277617e+00,6.337034702301025391e-01
-8.398138523609376405e-01,-5.428744729517875900e-01,2.197600700134415774e+00,-1.543836236000061035e+00
-7.626297098482253123e-01,-6.468353157155317668e-01,1.602263032266877385e-01,-1.736333847045898438e+00
-8.735711714237706094e-01,-4.866964233044056010e-01,-2.003135221172300362e+00,6.301540732383728027e-01
-9.898561874187419285e-01,-1.420729679736171536e-01,-2.573884514466417084e+00,1.541423678398132324e+00
-9.823379589799289269e-01,1.871152969351982109e-01,-1.933293958064084439e+00,-1.004589438438415527e+00
-8.927588160169155351e-01,4.505349003396685870e-01,-1.755973847429358470e+00,-9.986011385917663574e-01
-7.872048128787626498e-01,6.166916430279497652e-01,-1.047157110116216483e+00,2.713032364845275879e-01
-7.849233682826389780e-01,6.195928549651268380e-01,4.949712186746534348e-01,7.029160261154174805e-01
-9.088573268511165315e-01,4.171071318367054470e-01,2.090933865397623936e+00,-1.677978634834289551e+00
-9.935776763669176281e-01,1.131521145419593505e-01,2.047047375801410496e+00,-9.319146871566772461e-01
-9.868230898307108756e-01,-1.618029337712045546e-01,1.663444648361520617e+00,-9.048920869827270508e-01
-9.475980961327652441e-01,-3.194649404951325211e-01,7.490174252667558541e-01,-1.027589082717895508e+00
-9.499881136873652432e-01,-3.122860609324752956e-01,-4.555630842629443400e-01,3.365926742553710938e-01
-9.802593445118721327e-01,-1.977160021271791857e-01,-9.320093630164713039e-01,1.844169020652770996e+00
-9.946616707374408284e-01,-1.031899256991826441e-01,-4.637195723543852677e-01,2.510717511177062988e-01
-9.996698302102001721e-01,-2.569495217955335836e-02,-5.256901603970285386e-01,1.919633448123931885e-01
-9.989199035042347630e-01,4.646532452367460597e-02,-4.401405028546523379e-01,5.895557403564453125e-01
-9.973075162951902106e-01,7.333292535497847042e-02,-3.976556347914508849e-02,2.793992459774017334e-01
-9.987050993523375331e-01,5.087361327483590212e-02,2.410043129216417612e-01,3.811538517475128174e-01
-9.999375278774530473e-01,-1.117767159688148187e-02,4.860772085440178136e-01,-1.924730062484741211e+00
-9.999826817461645589e-01,5.885253414174815983e-03,-4.150539687302695624e-01,-1.853184938430786133e+00
-9.895653082388943256e-01,1.440850468649060023e-01,-1.149076095236695849e+00,-1.100549936294555664e+00
-9.476015820823423530e-01,3.194546002721542766e-01,-1.186636029745695486e+00,-1.168879389762878418e+00
-8.887456610349331321e-01,4.584006435331213769e-01,-8.798091366284738202e-01,-3.716668859124183655e-02
-8.757995580640915989e-01,4.826749776969402883e-01,1.767865744218882207e-01,9.604071378707885742e-01
-9.996906884630741841e-01,-2.487021110133095028e-02,5.288949197529044591e-03,-1.409792542457580566e+00
-9.991485685426064745e-01,4.125697491649731735e-02,-6.514721686683604407e-01,2.154242694377899170e-01
-9.933061956836768402e-01,1.155110454303876072e-01,-3.988632411232108099e-01,1.517141699790954590e+00
-9.966971240068333016e-01,8.120863868152917997e-02,5.413863861284415879e-01,-1.568400382995605469e+00
-9.984993813388947093e-01,5.476299358001206208e-02,-1.582905069472442805e-02,1.127791523933410645e+00
-9.999917145810813812e-01,-4.070720966733225483e-03,5.854392134499830647e-01,-3.612456098198890686e-02
-9.963832111643891043e-01,-8.497350475142512183e-02,4.962758724464838012e-01,-1.377233147621154785e+00
-9.970172629734674885e-01,-7.717886584354252677e-02,-3.295759010749680362e-01,1.291214704513549805e+00
-9.975690974920262688e-01,-6.968425739680556008e-02,9.421174118817540744e-02,1.870283842086791992e+00
-9.888393022366085416e-01,-1.489860206603869086e-01,7.348349105329388120e-01,1.657565236091613770e-01
-9.738660426492663502e-01,-2.271231625674876020e-01,4.065197707204283861e-01,-1.646201252937316895e+00
-9.862931455574265316e-01,-1.650025182427136694e-01,-8.288557300500691838e-01,1.776660829782485962e-01
-9.998137205792897442e-01,-1.930088447191066758e-02,-1.014520080569834670e+00,-2.322399318218231201e-01
-9.902609011822344209e-01,1.392240912692515042e-01,-1.042511101205473079e+00,-1.115294814109802246e+00
-9.533272389289030313e-01,3.019390261562658884e-01,-1.108179824832607130e+00,9.504547119140625000e-01
-9.367040792088768830e-01,3.501220758441977443e-01,6.351880433744622190e-02,-6.057405471801757812e-01
-9.557485663079352545e-01,2.941847684709837929e-01,5.480323180346502454e-01,9.606222510337829590e-01
-9.934869630842633192e-01,1.139458388077759649e-01,1.530843329973103906e+00,1.071989655494689941e+00
-9.846088472956066040e-01,-1.747724744552663634e-01,2.063368049823437023e+00,8.287679553031921387e-01
-8.923006746580065540e-01,-4.514415864814255164e-01,1.822777514801157128e+00,-1.806972622871398926e+00
-8.514710172112266440e-01,-5.244016655668429783e-01,-1.040879857523643315e-01,-1.014332890510559082e+00
-9.294610407388861351e-01,-3.689202810209634142e-01,-1.659717386226648550e+00,1.462554097175598145e+00
-9.923306386838628423e-01,-1.236119069073718102e-01,-1.647800082987338932e+00,1.364782601594924927e-01
-9.912963308083428959e-01,1.316494759804094639e-01,-1.671191598753887231e+00,-6.744853407144546509e-02
-9.411608710136539768e-01,3.379588952414482872e-01,-1.236227583646057893e+00,-1.159874796867370605e+00
-8.782958829203587614e-01,4.781174981582952954e-01,-8.816427489955872554e-01,1.338954806327819824e+00
-8.952750494698145101e-01,4.455138446746870207e-01,8.096654921153312312e-01,-1.527646303176879883e+00
-9.507430654944505344e-01,3.099800371220943207e-01,1.028271771760567832e+00,-1.605806350708007812e-01
-9.942112104505803627e-01,1.074433293154668789e-01,1.513187731684854986e+00,9.148087501525878906e-01
-9.853427714387220648e-01,-1.705861154181618211e-01,1.966482721076237672e+00,-8.331890106201171875e-01
-9.291843212951091946e-01,-3.696166893679821430e-01,1.031998270035845877e+00,-9.718567728996276855e-01
-9.198680560577316978e-01,-3.922279432225218576e-01,-2.848165820981167218e-01,-1.000716090202331543e+00
-9.730062572679277766e-01,-2.307787323768358823e-01,-1.526360308846363312e+00,2.618632912635803223e-01
-9.997162584436233290e-01,2.382021417793022192e-02,-1.740976010203070246e+00,1.321057915687561035e+00
-9.781816372782289326e-01,2.077514969661669320e-01,-9.322471802542890984e-01,1.127449274063110352e+00
-9.694469949899402472e-01,2.453008844357778273e-01,9.641297587268615743e-02,1.845964550971984863e+00
-9.950050111986811219e-01,9.982498529683098143e-02,1.401661850982639512e+00,-1.107043504714965820e+00
-9.973107966715166750e-01,-7.328829949196979943e-02,9.861744936732035338e-01,3.926932811737060547e-01
-9.769455690770459944e-01,-2.134885361342073740e-01,8.885919969447287903e-01,-1.046262621879577637e+00
-9.689713977311374959e-01,-2.471728754919637061e-01,-1.128048666145907708e-01,1.396285444498062134e-01
-9.999975098398534712e-01,-2.231661733344577573e-03,8.712929970154070477e-04,1.679064154624938965e+00
-9.971825079910429102e-01,-7.501363713814700185e-02,7.141640876988869513e-01,-8.473504781723022461e-01
-9.923693466933742879e-01,-1.233007694354153472e-01,1.122107442673366817e-01,-1.032470583915710449e+00
-9.977091360286213240e-01,-6.764968503268924127e-02,-6.056931861753028778e-01,-7.240204811096191406e-01
-9.978897102180976919e-01,6.493170443505195955e-02,-9.928219715879071927e-01,4.987143278121948242e-01
-9.854744198927575249e-01,1.698239315792475779e-01,-5.308198558931201960e-01,-4.935718178749084473e-01
-9.734638373978096171e-01,2.288408994885546555e-01,-3.206808604602969237e-01,-5.583068132400512695e-01
-9.686390712582251261e-01,2.484720298786222970e-01,-3.509214441644384341e-02,1.537764668464660645e+00
-9.909301891240615001e-01,1.343776777688606705e-01,1.159375896355720803e+00,-1.812895059585571289e+00
-9.998155208536155802e-01,1.920740118322746687e-02,5.430682945001426010e-01,9.406030178070068359e-01
-9.946569025956916166e-01,-1.032358761223286792e-01,9.261445666503809182e-01,1.981402397155761719e+00
-9.554976847327544265e-01,-2.949986007938781296e-01,1.451631122503018734e+00,-4.542728364467620850e-01
-9.119658887798227642e-01,-4.102660328397025880e-01,4.719889757352057624e-01,-1.437310338020324707e+00
-9.434842562493566120e-01,-3.314173474783695950e-01,-1.074651951708244901e+00,-5.873433351516723633e-01
-9.962796208338954296e-01,-8.617956318681101180e-02,-1.921589681795648819e+00,8.649209141731262207e-01
-9.857926811827255609e-01,1.679666327773860768e-01,-1.522733531022256059e+00,5.116073489189147949e-01
-9.469610536680528323e-01,3.213483512263460851e-01,-7.788965109502432593e-01,-6.669797897338867188e-01
-9.220355084814721991e-01,3.871053100892741239e-01,-2.943679459799151132e-01,-1.037837386131286621e+00
-9.209095920638770139e-01,3.897762476662010034e-01,1.212917087072332978e-01,-1.128970026969909668e+00
-9.403317146483047839e-01,3.402591165958366304e-01,4.608374464373994894e-01,-4.710309505462646484e-01
-9.742139591388735420e-01,2.256261549975120684e-01,9.397270121198794124e-01,-2.156524956226348877e-01
-9.985597552718805670e-01,5.365086347266014716e-02,1.227669910949177101e+00,7.853078842163085938e-01
-9.860379694014631546e-01,-1.665206380561858324e-01,1.542033615225487875e+00,1.188467219471931458e-01
-9.372013002038319662e-01,-3.487889374625389727e-01,1.069388403993113856e+00,-2.828383147716522217e-01
-9.127920231333870316e-01,-4.084246840043562199e-01,8.895630094544582089e-02,9.113361239433288574e-01
-9.271639187740517984e-01,-3.746559324547569236e-01,-4.058602954624409564e-01,-3.953734338283538818e-01
-9.743765638985905086e-01,-2.249229017356304261e-01,-1.336752745232179906e+00,-1.504400491714477539e+00
-9.969176988752921353e-01,7.845445601871411934e-02,-2.315224814703226830e+00,7.391965985298156738e-01
-9.360771607637218272e-01,3.517947542197428223e-01,-1.577479130578759658e+00,-1.848052620887756348e+00
-8.313317595350024902e-01,5.557764888769916034e-01,-1.456085800630836147e+00,2.971807420253753662e-01
-7.875549832721305821e-01,6.162443900947367492e-01,4.095289702523818853e-03,-3.019244410097599030e-02
-8.630587513296968938e-01,5.051035455757802994e-01,1.321867562196560542e+00,1.028723716735839844e+00
-9.830154619723497911e-01,1.835227547833991335e-01,2.717096201556358004e+00,-8.658493757247924805e-01
-9.790235197836818504e-01,-2.037472643015623419e-01,2.438982242964621516e+00,-1.662921160459518433e-01
-8.766578613760493965e-01,-4.811143253817862231e-01,1.671991570468962296e+00,-2.702521085739135742e-01
-8.110414148349562868e-01,-5.849887378595525211e-01,3.599685528692569969e-01,-5.512976646423339844e-01
-8.657153250160593005e-01,-5.005366879983312867e-01,-1.173505051304376101e+00,5.569407939910888672e-01
-9.635426057285966239e-01,-2.675549419198721690e-01,-1.893223217044196938e+00,1.552190929651260376e-01
-9.987030784498593938e-01,5.091327032094842414e-02,-2.192958423740999141e+00,4.923390150070190430e-01
-9.456665461482610668e-01,3.251380991148511423e-01,-1.632226246017186799e+00,1.616842269897460938e+00
-9.999715708716598872e-01,-7.540387819259497006e-03,1.605388224852564213e-03,-1.695998384189131569e-01
-9.999991936602277143e-01,1.269912947519175528e-03,-8.723827260536909378e-02,-2.741395361455506441e-01
-9.996778353351604141e-01,2.538159844469823484e-02,-1.920838898125645233e-01,-3.532128823484830260e-01
-9.980388379908812224e-01,6.259774645953029848e-02,-2.675545149043355719e-01,-3.458522246925845867e-01
-9.947798377698409134e-01,1.020444724941482056e-01,-2.519699771487077244e-01,-1.900171628863106810e-01
-9.922980905924136952e-01,1.238729163564416119e-01,-8.714630600981393416e-02,1.426934923585284898e-01
-9.946605947857084518e-01,1.032002964169228820e-01,2.485283690983040028e-01,5.715291977553099700e-01
-9.997895105615638434e-01,2.051669006123036862e-02,6.862492347250502833e-01,9.003149295796762930e-01
-9.926819491070677515e-01,-1.207582209085285713e-01,1.039006362860329213e+00,9.926189458963431411e-01
-9.593091624522844807e-01,-2.823578064001357468e-01,1.091654382100180953e+00,7.249723029117353112e-01
-9.161996302529905600e-01,-4.007221450385334283e-01,6.821280672686478308e-01,-1.625439523058300195e-01
-9.150036452540200038e-01,-4.034455715110223939e-01,-3.177731665113086024e-01,-1.454307865627858742e+00
-9.763104452415238832e-01,-2.163744774974565299e-01,-1.774889957134255347e+00,-1.979179123938513696e+00
-9.858208020801690896e-01,1.678015082948067505e-01,-2.889351843573974232e+00,-1.958038524932608215e+00
-8.078404015266370530e-01,5.894012942480545414e-01,-3.063212742083242901e+00,-1.847742231969907500e+00
-5.194457311838086566e-01,8.545034419795618508e-01,-2.336637243296896482e+00,-1.992599837943888064e+00
-3.001414071431579567e-01,9.538947194099174354e-01,-1.215519254537625438e+00,9.704643661710428415e-03
-3.318521888812311360e-01,9.433313970894511291e-01,9.435280847002384119e-01,1.713408623271903686e+00
-6.907540545837511647e-01,7.230897842426680100e-01,3.731640076155946062e+00,1.912025121205547684e+00
-9.995991730801329078e-01,2.831065484079410902e-02,5.779524210282469987e+00,1.994330532012515755e+00
-6.291743855410893982e-01,-7.772641716810267942e-01,6.078314402728575594e+00,1.953961011437955309e+00
1.248554214823292402e-01,-9.921749461291944350e-01,4.936815193216551378e+00,-2.932067024758183149e-01
5.948950985426246785e-01,-8.038033476727756144e-01,2.694528797845332058e+00,6.469569837752057184e-01
7.831606333352088001e-01,-6.218194451719845084e-01,1.327981466059726001e+00,1.948338679661789197e+00
8.691468941555040573e-01,-4.945540176561515899e-01,9.065767722555063690e-01,1.938260720149291183e+00
9.210610313280962469e-01,-3.894182540262124403e-01,7.465663852838251291e-01,1.997967789613861678e+00
9.609458941471552551e-01,-2.767363158707659698e-01,8.497972685871599818e-01,1.898776157262745068e+00
9.924694751447843410e-01,-1.224922075310764247e-01,1.186904873332398358e+00,5.538142128865178870e-01
9.981115384366975318e-01,6.142765533152742125e-02,1.293940305446816819e+00,-1.579102591749633966e+00
9.788018776093911910e-01,2.048093854986395290e-01,8.393566493666048123e-01,-1.643146593515227627e+00
9.524434767822246295e-01,3.047153155569767291e-01,6.400059730916143330e-01,-1.789059086587742931e+00
9.218704647209352565e-01,3.874981887379692069e-01,5.836583860709780858e-01,-1.930853073755594451e+00
8.824256672446528782e-01,4.704518485326942834e-01,6.473429334732169194e-01,-1.997635740796027237e+00
8.210478801615102018e-01,5.708593333583067420e-01,8.777601728360653333e-01,-1.637653855261035574e+00
6.962699633620070827e-01,7.177800067707857945e-01,1.526093454707473818e+00,5.753871979312347174e-01
3.362983028419925802e-01,9.417555157818803258e-01,3.565029496911556350e+00,1.959351767001757283e+00
-4.771280847597639818e-01,8.788337674062595140e-01,6.637877804857742703e+00,4.329397015208181210e-01
-9.949372063567506475e-01,-1.004985343526190039e-01,8.000000000000000000e+00,1.302630610216328089e+00
-2.960421985203461892e-01,-9.551748618421864734e-01,7.440163730797025643e+00,1.202835704814649187e+00
6.068935523305594160e-01,-7.947831252232238075e-01,5.814263317199021230e+00,-1.482916175905528711e+00
-9.999016668078661851e-01,-1.402343448841547255e-02,9.078755943543261736e-03,-1.088948684886107826e-01
-9.999717809592790774e-01,-7.512475299639206038e-03,-6.849548532716734361e-02,-2.066550096737751474e-01
-9.999167727712964249e-01,1.290145459378951899e-02,-1.653406272720416847e-01,-2.874347550861532374e-01
-9.989331809870428680e-01,4.617899872353178892e-02,-2.423266932015301911e-01,-2.977416789804142039e-01
-9.965023947175151164e-01,8.356421077385767227e-02,-2.440426629323942664e-01,-1.746567487067094415e-01
-9.941889594932523666e-01,1.076490261067147014e-01,-1.130168221391648631e-01,1.337004021723747771e-01
-9.955220831570089635e-01,9.452926502797623365e-02,1.869506626386190362e-01,5.871014966321067563e-01
-9.997624256185013714e-01,2.179661261321210602e-02,6.195813083612156102e-01,9.731458411350204507e-01
-9.935405225316592537e-01,-1.134778836933327262e-01,1.013622540724773646e+00,1.084027819334509202e+00
-9.608160715021754061e-01,-2.771867181939398628e-01,1.123613519870171107e+00,8.409097277656220060e-01
-9.140352794730886021e-01,-4.056346975772077146e-01,7.714387533187385682e-01,6.329689918284156502e-02
-9.037904421574914915e-01,-4.279752757634089910e-01,-1.508669795705911421e-01,-1.097774036288018173e+00
-9.613036554454744698e-01,-2.754909835678264196e-01,-1.526073383616320500e+00,-1.625766166565272064e+00
-9.975682174278713843e-01,6.969685486289255161e-02,-2.645625039633495934e+00,-1.989296292776394415e+00
-8.683623805507492133e-01,4.959302128770092244e-01,-3.060685856660997128e+00,-1.962454095612600868e+00
-5.922565813171460913e-01,8.057494287224327145e-01,-2.564698608108636257e+00,-1.801649097643158726e+00
-3.502271906581749805e-01,9.366647825789556903e-01,-1.439339505526873619e+00,-1.801346440188406339e-01
-3.391658410730615802e-01,9.407265980343081369e-01,6.070542519830980366e-01,1.926089266597930116e+00
-6.666932647973988768e-01,7.453322015543037971e-01,3.499790794306997910e+00,1.107616000585112115e+00
-9.923210887831935834e-01,1.236885473927846479e-01,5.282801096378063832e+00,1.484989166836106156e+00
-7.508183086476570844e-01,-6.605087943392362604e-01,5.607125622864097103e+00,1.601895230498823652e+00
-1.083398241274246554e-01,-9.941139182749825220e-01,4.497251441104940461e+00,1.999920510133659235e+00
4.199828801748245466e-01,-9.075320271814427686e-01,3.182977553418371297e+00,1.992078713577367877e+00
7.219827566111198802e-01,-6.919110485866000193e-01,2.193663950494193049e+00,1.695584806687206791e+00
8.758199693598742730e-01,-4.826379401481702969e-01,1.561268731997641934e+00,9.886424907980485566e-01
9.477172443612623676e-01,-3.191113046262939457e-01,1.050913175683535705e+00,6.775499189504773367e-01
9.796479759919850538e-01,-2.007232999300455345e-01,7.324919503227040884e-01,5.743129469512990859e-01
9.943147334166404505e-01,-1.064810354504271694e-01,6.118376504978644270e-01,4.818593264064168213e-01
9.999201318227013413e-01,-1.263843248474528884e-02,6.573968981001729883e-01,3.110863448549502364e-01
9.947563423982971331e-01,1.022732577869787940e-01,8.494319235337157714e-01,-5.846020663278689300e-02
9.670933899612529361e-01,2.544216482401839841e-01,1.159144777579660834e+00,-7.833204859987848989e-01
8.951013345420721912e-01,4.458627601639336135e-01,1.515215388328906787e+00,-1.649279402646370407e+00
7.477429791877194809e-01,6.639882808269086389e-01,1.935944598916752080e+00,-1.988885638391326260e+00
4.644515819447110894e-01,8.855985140169643222e-01,2.705024826134234672e+00,-1.038640789267063047e+00
-8.383249112547476456e-02,9.964798610266527579e-01,4.356494203280621313e+00,-1.857330756148509954e+00
-7.631664056300559995e-01,6.462020096824991899e-01,5.602760303272525277e+00,1.979194914495779611e-01
-9.686126898189810763e-01,-2.485748521504906605e-01,6.522419066290328082e+00,8.602208841097430669e-01
-3.896265826256276599e-01,-9.209729236581686296e-01,5.735692334693060168e+00,1.467753487534842360e+00
3.059703780706922727e-01,-9.520410325943297059e-01,4.216233796411825274e+00,1.879231422164417520e+00
7.349955487782279251e-01,-6.780719307538040086e-01,3.102120373064936487e+00,9.100366888617004157e-01
-9.998244582323148055e-01,-1.873640094730275735e-02,1.175256429036376478e-03,-3.411470913129389659e-01
-9.999999984635402628e-01,5.543391935116399324e-05,-1.849375331946309375e-01,-5.573467092796691169e-01
-9.987143779646588948e-01,5.069113577998154985e-02,-4.026607332394018801e-01,-7.058629375943599182e-01
-9.918375324218694500e-01,1.275080753493561814e-01,-5.515703792386233983e-01,-6.568882296802928122e-01
-9.785731677976273746e-01,2.058993814136329814e-01,-4.992673968275597174e-01,-2.802142383864057451e-01
-9.699052089991870851e-01,2.434828239450234910e-01,-1.242583863729060101e-01,4.792404044073174663e-01
-9.820704084551027391e-01,1.885144897264600661e-01,6.158798368166684689e-01,1.310032560483402664e+00
-9.999937627075650148e-01,3.531932327502898279e-03,1.512187729176523998e+00,1.705764265964378579e+00
-9.590250079681328366e-01,-2.833214324609467094e-01,2.082160896263802297e+00,1.765011610798203012e+00
-8.251217916129913732e-01,-5.649548911243863492e-01,2.016760674701283396e+00,1.722575711443521618e+00
-6.654387583992211752e-01,-7.464524491353101698e-01,1.364584938430589256e+00,1.600532229370700499e+00
-5.842201130883725169e-01,-8.115952559391961252e-01,3.386587571407835839e-01,1.205756269354655075e+00
-6.446751402227075545e-01,-7.644566459772800249e-01,-9.293673598575942219e-01,6.686947853263518204e-02
-8.417784293418438812e-01,-5.398231894748301007e-01,-2.488398156367772618e+00,-1.568126420656073661e+00
-9.996369884015374740e-01,-2.694237219519337451e-02,-4.071869816415652821e+00,-1.971621944699532891e+00
-7.985149393903834270e-01,6.019749924792328066e-01,-4.530417185395763546e+00,-1.994775998959719132e+00
-3.080987990801766219e-01,9.513543661566666865e-01,-3.747846191315202802e+00,-1.927696349730119607e+00
1.167444230552541623e-01,9.931619906568595058e-01,-2.409889284264212783e+00,-1.394781769941357830e+00
3.146901387031325603e-01,9.491944566857747345e-01,-8.381013156988911250e-01,-6.971772005188633381e-01
2.607927013813136630e-01,9.653948243626733206e-01,9.827548408224551224e-01,-1.581418669122012677e+00
-3.199445288089560607e-02,9.994880464442044143e-01,2.478447730262536730e+00,-1.994728693176419210e+00
-5.102907652293803276e-01,8.600019389057290686e-01,3.773868213048773512e+00,4.311743639535328132e-01
-9.613715235440106754e-01,2.752540530467584290e-01,5.552840658789360617e+00,1.996371982822330082e+00
-7.896704531981484365e-01,-6.135312342055870838e-01,6.388702635187247125e+00,1.949148977284484552e+00
-3.097942939864526887e-02,-9.995200222877650420e-01,5.470849985725597442e+00,1.999082397042709847e+00
6.132669830824433177e-01,-7.898756911444725359e-01,4.213393579478244888e+00,1.888760439541883773e+00
9.391549098373236371e-01,-3.434938941647266430e-01,3.599451559348961549e+00,-9.589751036749983859e-01
9.958098939108777081e-01,9.144755430959551623e-02,2.734264778959520026e+00,-1.868036849793792475e+00
8.975684920384175980e-01,4.408750413664636048e-01,2.372878633403330717e+00,-1.830786987250722087e+00
6.637075045025613296e-01,7.479922115015520401e-01,2.776178770952679731e+00,-1.958971643582255728e+00
2.142011439873600931e-01,9.767895729964085616e-01,3.775038387749762414e+00,-8.043509202535807923e-01
-5.101580084277412830e-01,8.600806976307749929e-01,5.621549542790116760e+00,-6.388769408542814832e-01
-9.982123359233453508e-01,5.976731891643025096e-02,6.768360893089258923e+00,1.830159112044151826e+00
-5.402953680455434560e-01,-8.414754394921640790e-01,6.964035020994026048e+00,1.745284215673216677e+00
3.404895289099097999e-01,-9.402483080031081020e-01,5.641592112383165158e+00,1.923848281539501492e+00
8.858365179632721187e-01,-4.639974821512564129e-01,4.693881955908890014e+00,-4.738098304569289820e-01
9.921257819458885185e-01,1.252454901314189462e-01,3.882156700593869303e+00,-1.985918952629209366e+00
7.818859372441900879e-01,6.234215116113450694e-01,3.663771817639409178e+00,-1.542797023265346734e+00
2.542782572926530205e-01,9.671311016962547136e-01,4.670930301359160985e+00,-2.476425289432091503e-01
-6.066607676293883644e-01,7.949608248330990445e-01,6.748019734517384016e+00,-1.450507195727945842e-01
-9.999774354276496080e-01,-6.717785017459040713e-03,7.712254629659102620e-03,-9.805423402021325174e-02
-9.999978426946192211e-01,-2.077162994941351547e-03,-4.944978272940344505e-02,-1.638315148929615495e-01
-9.999210044636519523e-01,1.256920174081427310e-02,-1.184709179007815694e-01,-2.146217383516208221e-01
-9.993492512716519727e-01,3.607040314147636623e-02,-1.702287205585052698e-01,-2.119607804586456090e-01
-9.980954774872193846e-01,6.168806869694926087e-02,-1.648552268749283178e-01,-1.202102632732367088e-01
-9.970350269539386412e-01,7.694904175464956086e-02,-6.606392284646342428e-02,7.060124775403281427e-02
-9.977838072351092880e-01,6.653926674836666000e-02,1.360399724497564355e-01,3.185723718358896006e-01
-9.998234352326712537e-01,1.879091162078951743e-02,3.995267539161854176e-01,5.256798478687625398e-01
-9.978760319704185200e-01,-6.514157519566352028e-02,6.201728838145244005e-01,5.827995527690006394e-01
-9.864451127229988403e-01,-1.640915585425101186e-01,6.615678231398021136e-01,4.052388201949888580e-01
-9.710696623909836900e-01,-2.387963793357447406e-01,4.116062225412849274e-01,-9.137347933442520331e-02
-9.704277330273735069e-01,-2.413918287170316590e-01,-1.833725547723099591e-01,-8.948151672994513195e-01
-9.920842320236687994e-01,-1.255741875148205788e-01,-1.063522004862357928e+00,-1.577659200221552815e+00
-9.925762827534304611e-01,1.216236938897267694e-01,-1.889171208728840146e+00,-1.752547128941413623e+00
-9.041108250724717577e-01,4.272980411688945268e-01,-2.174284318069079180e+00,-1.534226166257362634e+00
-7.470157238604975269e-01,6.648063690317481678e-01,-1.705887645705179700e+00,-7.403970124477079473e-01
-6.521867618321327553e-01,7.580583273673056066e-01,-4.486053792729311485e-01,8.617608795337947658e-01
-7.515433535531306219e-01,6.596837027925687158e-01,1.608584833341283105e+00,1.999963939926334255e+00
-9.673014698716336790e-01,2.536293878559364168e-01,3.749042837878298950e+00,1.909469717613462514e+00
-9.143173367004694407e-01,-4.049985281565358086e-01,4.696515021635134346e+00,1.946602620116346216e+00
-4.632041319935594204e-01,-8.862516189571070235e-01,4.237350176128821033e+00,1.999895425979480112e+00
3.511752913428016487e-02,-9.993831893460600746e-01,3.008478347330518776e+00,1.870914956740098667e+00
3.409809987906303186e-01,-9.400701880517986497e-01,1.637083557713994164e+00,1.367568990703603715e+00
4.317200884065436894e-01,-9.020076303813876484e-01,1.786850483168904158e-01,1.005988623963395057e+00
3.089039572312512472e-01,-9.510932368631759282e-01,-1.422202378528090172e+00,1.050873525882837778e-01
-1.121233171741275736e-01,-9.936942999463517223e-01,-3.570418384214286700e+00,1.801674393336712088e+00
-7.047979341018850707e-01,-7.094081139130810065e-01,-4.861766053319621861e+00,-1.351082222717039372e+00
-9.921697971786133108e-01,1.248963312773814505e-01,-6.516627402643681677e+00,-1.830407315366688659e+00
-4.437299008723107341e-01,8.961605743793069623e-01,-6.379763871599101854e+00,-1.994319522944248080e+00
3.661329128724422066e-01,9.305625664680159392e-01,-5.119888475037778441e+00,-1.801165414678027377e+00
8.584833046097405385e-01,5.128415112940247766e-01,-4.109609968029950267e+00,6.673338499265796253e-01
9.990654757042827239e-01,4.322239298992094914e-02,-3.017726977814966904e+00,1.736047457198978128e+00
9.422274422979680653e-01,-3.349738004391228374e-01,-2.437210275180137220e+00,1.998179721627965977e+00
7.590734054390397834e-01,-6.510050423423608956e-01,-2.535263879308137458e+00,8.483640292405028038e-01
3.504437956264738196e-01,-9.365837635294080865e-01,-3.846304212801871181e+00,-7.992892074365337551e-01
-4.544194286609340439e-01,-8.907878439086773792e-01,-6.393956658042327490e+00,8.456825773088505471e-01
-9.999225378208268511e-01,-1.244662034276797745e-02,-7.476543914760532594e+00,-1.353950601271165288e+00
-4.370692971472067700e-01,8.994278345099436800e-01,-7.309686984911988539e+00,-1.938474875398926489e+00
4.959824713270389873e-01,8.683325331555434845e-01,-6.029312860252232120e+00,-1.170509032395249394e+00
9.655323623399743038e-01,2.602830330125046054e-01,-5.011776318279329345e+00,1.744005220702156134e+00
-9.997796614743089672e-01,-2.099115295347264709e-02,2.867166830403943510e-03,-7.822180301433584448e-02
-9.999100323923816314e-01,-1.341369155252657326e-02,-7.579911109350595533e-02,-1.572087154760607175e-01
-9.999742806289623198e-01,7.172034619919118517e-03,-1.633046353341838230e-01,-2.106798627368124122e-01
-9.992751375843568207e-01,3.806835176054654268e-02,-2.199377514234594211e-01,-1.948364632433370325e-01
-9.975766787170505800e-01,6.957564286342235449e-02,-1.974538520396848795e-01,-7.452892123760072873e-02
-9.963157139363617576e-01,8.576128592481467583e-02,-5.864784671450884446e-02,1.516096867514436508e-01
-9.976260749278993423e-01,6.886373954377789097e-02,1.961397388373767869e-01,4.235952224219575735e-01
-9.999721276626432065e-01,7.466183619919555293e-03,5.028527023227558068e-01,6.237362718981136478e-01
-9.956737610019378293e-01,-9.291803728155210995e-02,7.297586934538958792e-01,6.366830214680408995e-01
-9.791340907856213027e-01,-2.032152362924951605e-01,7.229617656272280257e-01,3.793153993744479702e-01
-9.610383772059379881e-01,-2.764149734319349405e-01,3.720016938555508190e-01,-2.163412441556222254e-01
-9.655048038520539500e-01,-2.603852410153210117e-01,-3.527658047517485684e-01,-1.043509902988143834e+00
-9.938791582707945382e-01,-1.104727059274683287e-01,-1.319099042460211368e+00,-1.622723917997279663e+00
-9.852040850066665634e-01,1.713852703302619074e-01,-2.103231589577237770e+00,-1.736704495258544645e+00
-8.722396864500849833e-01,4.890786535736939555e-01,-2.255194051407205080e+00,-1.532056082173868239e+00
-7.000537009991069093e-01,7.140902013873687837e-01,-1.653522660520781784e+00,-9.127571989287021070e-01
-6.074185809237442335e-01,7.943819405982143200e-01,-3.740993075690499103e-01,4.640230094180192166e-01
-7.132814719407841730e-01,7.008776938853085170e-01,1.585969483084720633e+00,1.948019501340534587e+00
-9.527862342876699531e-01,3.036418807607429993e-01,3.804704191079441244e+00,1.941874505982034593e+00
-9.266673043821072042e-01,-3.758825707441075248e-01,4.869372285156095437e+00,1.960344717558105243e+00
-4.634035612304359120e-01,-8.861473576324366830e-01,4.456736187091539847e+00,1.949097283761765276e+00
6.518970455496028715e-02,-9.978728889092222110e-01,3.201303777961872488e+00,1.552295320768456444e+00
3.836861328631511192e-01,-9.234635625992615449e-01,1.701763293341448380e+00,1.729762114136503603e+00
4.993016460849735161e-01,-8.664282233496527486e-01,4.563981378361031127e-01,1.994029293298583694e+00
4.671884791130360148e-01,-8.841577489249575761e-01,-5.963210339499356305e-01,1.999133270277183128e+00
2.804771208506254276e-01,-9.598607110822610089e-01,-1.737912546734398100e+00,1.996391995313568257e+00
-1.056408699220221792e-01,-9.944043476383831459e-01,-3.046985434370180990e+00,1.651605593992300003e+00
-6.485230879954841932e-01,-7.611949844401245668e-01,-4.433581988259951423e+00,-1.699813949689563453e+00
-9.998757897393969474e-01,1.576087221625648016e-02,-6.419601772803376072e+00,-1.961604555947299433e+00
-5.270959355936565283e-01,8.498057864480847989e-01,-6.556600708224087803e+00,-1.968495783998385873e+00
3.060649018936550947e-01,9.520106490102026031e-01,-5.328114700434058548e+00,-1.690275515262999573e+00
8.353531000017226926e-01,5.497137421581452799e-01,-4.203169369480781903e+00,-1.356985270534775578e+00
9.999187576869148497e-01,-1.274668685804124235e-02,-3.982751061996012254e+00,1.261265496856856405e+00
8.341274125382541760e-01,-5.515718082464305949e-01,-3.861820205557713770e+00,1.992917131364922989e+00
3.434375348103310688e-01,-9.391755212330668012e-01,-4.536202985899558726e+00,1.763828479517587589e+00
-4.508390401798629266e-01,-8.926052654167462297e-01,-5.932029010237764410e+00,-2.181258673412229954e-02
-9.990162372636375299e-01,-4.434588688484546876e-02,-7.438198427574901572e+00,-1.723041021523209038e+00
-4.502475650150013498e-01,8.929037631223547544e-01,-7.495624042791405373e+00,-1.985549297455141637e+00
5.099164200925302426e-01,8.602239502129769289e-01,-6.242610990181232999e+00,-1.989078025747937017e+00
9.849456104703410153e-01,1.728645261909083630e-01,-5.655682437670841445e+00,5.326180830829641000e-01
-9.999514720057208761e-01,-9.851580258619176828e-03,3.655390281180763683e-03,-2.296406525651783354e-02
-9.999739092037581711e-01,-7.223635632706348203e-03,-2.764087772956464600e-02,-5.504610589701607049e-02
-9.999997604089437830e-01,6.922297703795998909e-04,-6.356218441086494697e-02,-8.032685599494625295e-02
-9.999141177353895182e-01,1.310561534066980761e-02,-8.937721768922976540e-02,-8.265893608480311128e-02
-9.996463578030699848e-01,2.659246756238859907e-02,-8.677651674507212698e-02,-4.764913280405834450e-02
-9.993788691648735067e-01,3.524025917524881146e-02,-4.065010778205786768e-02,2.940251138278543105e-02
-9.994855496983928722e-01,3.207235482625686585e-02,5.180490481782219769e-02,1.352290174796450806e-01
-9.999303492207889388e-01,1.180240260248472013e-02,1.724817097414111933e-01,2.344696691570881952e-01
-9.996727166928879305e-01,-2.558240606082719595e-02,2.788459957183670457e-01,2.757991798167255260e-01
-9.974241688224855240e-01,-7.172884669903697996e-02,3.111470880399336281e-01,2.083151577201897142e-01
-9.939996115163509671e-01,-1.093836016290527791e-01,2.123907127871391409e-01,1.835420544443818304e-03
-9.932655567927290985e-01,-1.158599744917540170e-01,-4.426984054989831219e-02,-3.243294335066366774e-01
-9.975230844880781378e-01,-7.033986006092490806e-02,-4.259835424381769320e-01,-6.683883136538489866e-01
-9.993938311026961951e-01,3.481336458711688925e-02,-8.150390350211440538e-01,-8.747456368176625974e-01
-9.835572673001085064e-01,1.805965169684700111e-01,-1.024511163413507564e+00,-8.173208361413174527e-01
-9.479370794526740251e-01,3.184576791329340462e-01,-8.768319559943458241e-01,-3.744094805157283656e-01
-9.224984747968505427e-01,3.860007305659984289e-01,-2.627155690933777321e-01,5.418301058396941539e-01
-9.473770144074236121e-01,3.201199659072770376e-01,8.255736737550162241e-01,1.528392372565299029e+00
-9.974570766343282546e-01,7.126977109616597361e-02,2.077798735715349121e+00,1.889276344648653794e+00
-9.483296010021046163e-01,-3.172868857409473775e-01,2.808308188204447386e+00,1.907300384733239262e+00
-7.390006434263539647e-01,-6.737047194546249562e-01,2.664675332127342422e+00,1.775524633139817121e+00
-4.929721592416708709e-01,-8.700450851608810821e-01,1.772509621591642714e+00,1.549570684077326677e+00
-3.708109044587652448e-01,-9.287083897190078208e-01,4.511770598125621756e-01,1.215680731513868018e+00
-4.492351539985063869e-01,-8.934135528476934152e-01,-1.081236876382996925e+00,-2.559000338132970120e-01
-7.399773309016992595e-01,-6.726318084595739322e-01,-3.087532903631769354e+00,-1.993973070151306537e+00
-9.982676526180908061e-01,-5.883616010895624526e-02,-5.108827422150283404e+00,-1.997217322813044760e+00
-7.177179954191209577e-01,6.963338847503823814e-01,-5.537380481427582879e+00,-1.943284159737001415e+00
-6.123731832573781758e-02,9.981232342973849203e-01,-4.525270048448657434e+00,-1.810106396762737990e+00
4.589651509097637527e-01,8.884542702077455889e-01,-3.136754298911252903e+00,-1.931896072430717259e+00
7.481614442032381573e-01,6.635167318219827859e-01,-2.171603581764548263e+00,-1.588154168086158169e+00
8.931249256205232578e-01,4.498087007110187496e-01,-1.558364225102208289e+00,-5.584243002399071898e-01
9.552464832534239836e-01,2.958110143858167507e-01,-9.245982626865408838e-01,7.031127355877602424e-03
9.750648037854565686e-01,2.219203199773040203e-01,-3.246944825696950199e-01,1.204598048310915465e-01
9.737269305897423566e-01,2.277188280408081189e-01,2.200083942355446631e-01,1.073698456315048608e-02
9.499726776953202334e-01,3.123330139968927832e-01,7.867613692851277429e-01,-2.603394697090267718e-01
8.768529879316967479e-01,4.807586063246872543e-01,1.483630452043199099e+00,-8.159250452597377468e-01
6.917881101348091200e-01,7.221005544078394900e-01,2.369272942670160198e+00,-1.776338550398449234e+00
3.084164837307708518e-01,9.512514244736494096e-01,3.381095283749785629e+00,-1.856605448335182817e+00
-3.229874131535767079e-01,9.464032602143552797e-01,4.750291893550228295e+00,-7.112388842973011993e-01
-9.325974389517538432e-01,3.609182966553923233e-01,6.232603104444747188e+00,1.999503685411623710e+00
-9.997909251248900953e-01,-2.044764137783331576e-02,8.273132277758497508e-03,-1.999168233766120073e+00
-9.799142361944075397e-01,1.994193814641163909e-01,-2.174139869294248406e+00,-1.976400753944528743e+00
-7.751710204114622416e-01,6.317514456764246056e-01,-3.637747204840029891e+00,-4.590598117938818334e-01
-4.337398113082335249e-01,9.010381657212406248e-01,-2.486385889523512915e+00,-1.314350492482311950e+00
-1.361484041700345426e-01,9.906884535725410945e-01,-1.850159420849285530e+00,-1.949310324063455280e+00
1.359886770526609889e-01,9.907103914431638625e-01,-1.801669917092358686e+00,-1.992831055731518308e+00
3.992491242053098910e-01,9.168424820116556351e-01,-1.857326955485067765e+00,-1.725420920518333068e+00
6.314149554421851773e-01,7.754451328391605003e-01,-1.830722606662964047e+00,-6.222065098109942349e-01
7.582093262690797753e-01,6.520112096878305508e-01,-8.903726064867064638e-01,-1.531010655491659156e-01
7.621799397970913104e-01,6.473652287317431808e-01,3.768995632669672746e-01,-1.482643944203799746e-01
6.257381287764872679e-01,7.800332007006498536e-01,1.745695834197351415e+00,-2.467287611701166894e-01
2.538783124387649637e-01,9.672361668554607661e-01,3.370145081910886464e+00,-1.772389009658250636e+00
-2.670484656095973297e-01,9.636830998910169699e-01,3.595846074803115577e+00,9.642212057943789771e-01
-8.995206823553947295e-01,4.368781775448219440e-01,6.588256990477898256e+00,-1.974381435015371888e+00
-9.327399168101139226e-01,-3.605499238511385984e-01,4.701855935523806096e+00,1.338447287721986345e-01
-5.571406496916343487e-01,-8.304181455514948462e-01,3.625645972454716315e+00,3.239850653729248742e-01
-2.063491867253496870e-01,-9.784784173081114700e-01,1.972015815184978260e+00,-6.306141098130856326e-01
-2.027574689115254070e-01,-9.792289869078589781e-01,-9.528005783280690810e-01,-1.912069975857511261e+00
-7.004803920573245968e-01,-7.136716474284352518e-01,-5.201538340671691962e+00,-1.343939924544027331e+00
-9.672618236407489745e-01,2.537805440280493374e-01,-7.692616271568792463e+00,-8.367905996934132951e-01
-1.712858730475383118e-01,9.852213709082555670e-01,-7.347876741381791810e+00,-1.129072726346355360e+00
7.445135102354690781e-01,6.676073944144568229e-01,-6.488634210272515190e+00,4.146401133648048298e-01
9.966193390146665942e-01,-8.215773306250023778e-02,-5.074457447493979423e+00,1.125131440144023109e+00
7.186415053494069616e-01,-6.953807495100351455e-01,-4.493133541949463350e+00,-3.565474513239719756e-01
-9.084699316705720229e-02,-9.958648622340807721e-01,-6.784361464773891903e+00,-6.755969686593245038e-01
-9.759164607909367462e-01,-2.181445886500326947e-01,-8.000000000000000000e+00,-3.892179574737998915e-01
-5.554959399550050136e-01,8.315192485405887846e-01,-7.725217362959048373e+00,-1.079814113007852683e+00
4.682918761165253962e-01,8.835738332268927575e-01,-6.841320684347333980e+00,-3.188747095533299714e-01
9.820026987277372665e-01,1.888668835223390741e-01,-5.673926172109995392e+00,1.132001374092580281e+00
8.635459423587263927e-01,-5.042701710747713451e-01,-4.530843733426776154e+00,2.980927889884925630e-01
2.524292841132801946e-01,-9.676153453320471831e-01,-5.737416547334032835e+00,-1.050558883053817949e+00
-8.077404690946982102e-01,-5.895382384431707701e-01,-8.000000000000000000e+00,-2.744026393995273594e-01
-8.214618535365207919e-01,5.702634682182821102e-01,-7.946937765917717833e+00,-8.730785832631682286e-01
1.615570883862054441e-01,9.868633680465456193e-01,-7.134829231769971969e+00,-8.303912286134753629e-01
9.015233956709788332e-01,4.327303629950962627e-01,-6.155681758863229547e+00,8.804004864222334525e-01
9.497945215456060630e-01,-3.128743627112220982e-01,-4.771635209559335067e+00,7.423519329714868276e-01
4.958690083864624731e-01,-8.683973321710669602e-01,-5.102467970306200584e+00,-9.834476115959953635e-01
-5.356391234649233724e-01,-8.444469962133376306e-01,-8.000000000000000000e+00,-2.556069188818183013e-01
-9.648028383023514731e-01,2.629743014131353251e-01,-8.000000000000000000e+00,-6.642867884807656109e-01
-1.434086510143820492e-01,9.896635583945865289e-01,-7.379744888428005467e+00,-1.079688000780050006e+00
-9.996647407659430273e-01,-2.589220093696011429e-02,6.077418473858509952e-03,-1.998383541537287034e+00
-9.807103427695412767e-01,1.954666815210427400e-01,-2.186883748099424540e+00,-1.965142814175709463e+00
-7.768108458848833608e-01,6.297339991739464571e-01,-3.645193338488514012e+00,-1.762489734690841248e+00
-3.009719320758471595e-01,9.536329986438869533e-01,-3.923539360237827012e+00,-1.806671824138947002e+00
2.637130832845155370e-01,9.646011661327048570e-01,-3.747838588434802443e+00,-1.561913900962561330e+00
7.160847538792859401e-01,6.980133417504585935e-01,-3.496408725563652009e+00,-6.163519411841036355e-01
9.501183905805542507e-01,3.118894738214443851e-01,-2.900709122837787035e+00,1.112008337505799860e+00
9.980772266630225653e-01,6.198265577280059890e-02,-1.173047149610475959e+00,1.462300077611844884e+00
9.981240553709535002e-01,6.122393396247777231e-02,5.679995558754591389e-01,1.799225685057222357e+00
9.309970051007566694e-01,3.650268161292012370e-01,2.902001112636372504e+00,1.158242081165362869e+00
5.009791002266701376e-01,8.654593815633845333e-01,5.398858866402740375e+00,-1.995862601695146843e+00
-2.647189170794161384e-01,9.643256166566878118e-01,5.277441657239174688e+00,-1.908277311666892961e+00
-8.645618024624374121e-01,5.025265064878681187e-01,5.026463854015022825e+00,-1.686209500256266036e+00
-9.930196724057744895e-01,-1.179488457558120623e-01,3.772118591879288996e+00,-4.094663562486093866e-01
-8.328715303912560541e-01,-5.534663619983846150e-01,2.677124362741877928e+00,2.016642001581737120e-01
-6.424508118597795914e-01,-7.663269239304528746e-01,1.465866102874277432e+00,-7.896256082921946362e-01
-6.749084662196154216e-01,-7.379014583432439434e-01,-1.168059821084227234e+00,-1.991094420951021293e+00
-9.609550125989549940e-01,-2.767046507757724982e-01,-4.821988000242894756e+00,-8.397735501038554595e-01
-8.475150338902844860e-01,5.307713889519196648e-01,-5.783838818484893451e+00,-1.113168760396068935e+00
-1.676800972679618751e-01,9.858414603678458121e-01,-5.395659089373787687e+00,-1.438511484347865244e+00
5.495006700144540179e-01,8.354932756483837153e-01,-4.820843160531241622e+00,-6.264071474266718065e-01
9.353894715073504118e-01,3.536191971502675169e-01,-3.979486536610438829e+00,1.470448111839981253e+00
9.999264586786098530e-01,-1.212754032993704038e-02,-1.848439106710588531e+00,1.778715844777486010e+00
9.950256214329492588e-01,-9.961933894567441550e-02,1.456822219228925963e-02,1.867361143457632933e+00
9.953890141735474151e-01,9.592033393714510803e-02,1.987364426034874842e+00,8.285498556533867909e-01
8.642012988412406393e-01,5.031462164034552487e-01,3.412927697582067488e+00,-1.029462311964603805e+00
4.916130612271428224e-01,8.708137562251054842e-01,3.688265692452588507e+00,-1.988577018355389470e+00
-2.144345472881449208e-02,9.997700626890632103e-01,3.553606981228746964e+00,-1.998112643289815082e+00
-5.231716966113397760e-01,8.522273029332093630e-01,3.488297172409275948e+00,-1.998850130080234822e+00
-8.547917460259598643e-01,5.189711657942962519e-01,2.921272495569854577e+00,-1.967544117562658457e+00
-9.739845014053110095e-01,2.266146310860084612e-01,1.629640276800582654e+00,-1.883601723181541621e+00
-9.884623143710303816e-01,1.514670032326061455e-01,-7.898232377519276426e-02,-1.998664923357662326e+00
-9.399597980330794966e-01,3.412851858513820114e-01,-1.885390716334420347e+00,-1.982284871940173776e+00
-7.244297189444349749e-01,6.893486652704036155e-01,-3.094796100807208017e+00,-1.853045442400007126e+00
-3.033702971773291068e-01,9.528727421804755737e-01,-3.397951553307722250e+00,-1.863042690400123380e+00
1.909190900652544542e-01,9.816057768007762085e-01,-3.286756308863355791e+00,-1.746445105744483417e+00
6.194486163756330876e-01,7.850372040039337307e-01,-3.156898247092218224e+00,-1.224863728938454743e+00
8.994899006137084818e-01,4.369415506608874122e-01,-3.008986369238764613e+00,4.860130063442715809e-01
9.906167979640937427e-01,1.366687952363881964e-01,-1.727235976465332445e+00,1.196100979082684423e+00
9.993700995078734772e-01,3.548808546009548509e-02,-1.868475359774763866e-01,1.967851293400411539e+00
-9.999993878701061156e-01,-1.106462567383427681e-03,1.806606215406343467e-03,-1.998907571083605061e+00
-9.765932660121426911e-01,2.150943810975459169e-01,-2.138318368781208623e+00,-1.648139282266621430e+00
-7.927527258562632184e-01,6.095433665027158998e-01,-3.220502594905578331e+00,-8.647621274914270018e-01
-4.692258978520172374e-01,8.830781713896954654e-01,-2.581556448640889290e+00,-1.435655766621788620e+00
-1.448760745838028330e-01,9.894498082334386435e-01,-2.107366718526715754e+00,-1.782888798542727304e+00
1.470699374470205434e-01,9.891260958539762616e-01,-1.872836860526973402e+00,-1.930445628765860011e+00
4.133624333888444302e-01,9.105665811256490327e-01,-1.865471415187669901e+00,-1.957265932693614818e+00
6.655481992486455001e-01,7.463548716775989522e-01,-2.124800283606567142e+00,-1.778194638477553768e+00
8.872941817089408101e-01,4.612038975393217277e-01,-2.634494032143548381e+00,-2.130262181382827358e-01
9.890791198965879216e-01,1.473855304451259507e-01,-2.076562610796529817e+00,1.618279932483735362e+00
9.990855743565726366e-01,4.275529338687152764e-02,-5.155021946228599550e-02,1.972939060481037066e+00
9.628356839165719272e-01,2.700878482585014062e-01,2.374700887539374694e+00,-1.775602827921528126e+00
8.758936533214852771e-01,4.825042052367438106e-01,1.173013486867169997e+00,-9.217546915730170376e-01
7.699575223317981498e-01,6.380951447900842233e-01,1.337118581338439860e+00,-1.760506572269651793e+00
6.642293286385382300e-01,7.475288616343831460e-01,8.843163536355127530e-01,-1.565755317986147199e+00
5.627090886281772564e-01,8.266549954940368705e-01,8.661186828811776595e-01,-1.694377468246024421e+00
4.519413097259740164e-01,8.920476739295782886e-01,8.709571594790981308e-01,-1.768573202814174739e+00
3.275977268005371701e-01,9.448172994791748103e-01,9.300215840929293432e-01,-1.822626671212717264e+00
1.835534251284457463e-01,9.830097355182277896e-01,1.036847159516784744e+00,-1.862428759303726755e+00
1.625252200527275287e-02,9.998679190415442619e-01,1.170368428635486291e+00,-1.889702098619705950e+00
-1.705696653273882923e-01,9.853456191966871724e-01,1.289333187375522716e+00,-1.903648820771327577e+00
-3.617876131815038754e-01,9.322605445627475396e-01,1.331446400697904098e+00,-1.905767936002668250e+00
-5.322658436670556492e-01,8.465772685735174496e-01,1.224666204560068250e+00,-1.905128606052343132e+00
-6.566521898559490866e-01,7.541935438316789142e-01,9.149523912059474018e-01,-1.915512135142799721e+00
-7.202522774266529870e-01,6.937122291424014930e-01,4.031820023649570484e-01,-1.933301846995168161e+00
-7.190538397049761610e-01,6.949543694412824157e-01,-2.213861504644950295e-01,-1.909989992623684518e+00
-6.542351347405973572e-01,7.562912061309139400e-01,-7.686319111238437696e-01,-1.791502453697192632e+00
-5.402283442220332521e-01,8.415184704444225172e-01,-1.019075491829374069e+00,-1.679801115910952047e+00
-4.096477631891906612e-01,9.122437777886417409e-01,-9.580941847923639676e-01,-1.672989818570045584e+00
-2.935255151042268085e-01,9.559512393332613156e-01,-7.504962513432523741e-01,-1.700049531287691318e+00
-2.089389960169810712e-01,9.779286763069257038e-01,-4.927803919349290629e-01,-1.716764794434070929e+00
-1.632932802440404396e-01,9.865775715204260221e-01,-2.156688950690953122e-01,-1.722290233274665683e+00
-1.593352799510793505e-01,9.872245279382553251e-01,6.817328821808107953e-02,-1.730663884834267696e+00
-1.961609586804656524e-01,9.805717099170058182e-01,3.388517875521663836e-01,-1.753085103712987758e+00
-2.676767767964035039e-01,9.635087665215550379e-01,5.622516544616216194e-01,-1.786444856614810561e+00
-3.613993568072317308e-01,9.324111243970222285e-01,6.996108344413659585e-01,-1.818752391759858034e+00
-4.598357521462076436e-01,8.880039870676997849e-01,7.199519530230327202e-01,-1.843739453229485736e+00
-5.444266508800704729e-01,8.388084535884875459e-01,6.065740829912269483e-01,-1.862335985783116099e+00
-6.001893880675907011e-01,7.998579239158983833e-01,3.665046962720742152e-01,-1.872985812423580532e+00
-6.185472569990962954e-01,7.857475999701774017e-01,4.350638525715858074e-02,-1.864278797848867075e+00
